timestamp,elapsed_seconds,estimated_db,dbfs,speed_kmh,vibration_ms2,latitude,longitude,gps_accuracy_m
2026-09-07T15:31:42.651Z,1,36.6,-63.4,,0.052,54.64988512923443,25.218171654292586,22.109030645432863
2026-09-07T15:31:43.651Z,2,45.8,-54.2,1.4,0.063,54.64992037513726,25.218207109743002,14
2026-09-07T15:31:44.651Z,3,46.5,-53.5,0,0.034,54.64981174567216,25.218112561875227,14
2026-09-07T15:31:45.652Z,4,40.2,-59.8,0,0.78,54.64975298853093,25.218048105039834,5.223863517669209
2026-09-07T15:31:46.653Z,5,47.7,-52.3,0,0.154,54.64972826191657,25.218010889389753,4.606936965892781
2026-09-07T15:31:47.656Z,6,50.8,-49.2,0,0.082,54.649720424837106,25.21797409283483,3.840233994958396
2026-09-07T15:31:48.659Z,7,42.4,-57.6,1.7,0.537,54.64971673679971,25.21795649083817,3.5355339059327373
2026-09-07T15:31:49.664Z,8,41.7,-58.3,0.7,0.449,54.64970944454395,25.21794425325954,3.5355339059327373
2026-09-07T15:31:50.668Z,9,48.4,-51.6,1.7,0.582,54.649707390977674,25.21796143616104,3.5355339059327373
2026-09-07T15:31:51.672Z,10,55.9,-44.1,0,0.047,54.64971170765781,25.217955820285916,3.5355339059327373
2026-09-07T15:31:52.676Z,11,41.8,-58.2,0,0.056,54.64970873208218,25.217948108934998,3.5355339059327373
2026-09-07T15:31:53.680Z,12,38.2,-61.8,0,0.027,54.649715479514235,25.217947606020807,3.5355339059327373
2026-09-07T15:31:54.685Z,13,66.7,-33.3,0,0.027,54.64971937709921,25.217941487231492,3.5355339059327373
2026-09-07T15:31:55.688Z,14,37,-63,0,0.025,54.64971937709954,25.217941487231492,4.748651530191761
2026-09-07T15:31:56.692Z,15,39.9,-60.1,0,0.01,54.64971941900906,25.21793620663249,4.748651530191761
2026-09-07T15:31:57.697Z,16,41.9,-58.1,0,0.032,54.64971941900906,25.21793620663249,4.748651530191761
2026-09-07T15:31:58.701Z,17,54.7,-45.3,0,0.375,54.64971941900906,25.21793620663249,4.748651530191761
2026-09-07T15:31:59.706Z,18,45.6,-54.4,0,0.465,54.64971941900906,25.21793620663249,4.748651530191761
2026-09-07T15:32:00.709Z,19,45.6,-54.4,0,0.591,54.649720466746956,25.2179290820148,4.748651530191762
2026-09-07T15:32:01.713Z,20,47.9,-52.1,1.8,0.594,54.649724881328986,25.217937128960386,4.748651530191765
2026-09-07T15:32:02.718Z,21,47.9,-52.1,3.2,0.91,54.64973235582542,25.217947706833787,4.748651530191772
2026-09-07T15:32:03.722Z,22,47.7,-52.3,3.2,0.921,54.64974098918758,25.217956926932068,4.748651530191771
2026-09-07T15:32:04.725Z,23,52.8,-47.2,4.6,0.823,54.64975828009482,25.217968546798087,4.7486515301917835
2026-09-07T15:32:05.730Z,24,50.7,-49.3,13.6,0.349,54.64980928225015,25.217933692455112,4.748651530191944
2026-09-07T15:32:06.734Z,25,51.3,-48.7,14.9,0.773,54.64984263994621,25.2178896412787,4.748651530191982
2026-09-07T15:32:07.738Z,26,53.1,-46.9,14.9,0.396,54.649871643232835,25.217835335291415,4.748651530191981
2026-09-07T15:32:08.742Z,27,52.3,-47.7,16.6,0.219,54.64990667397268,25.21777459944329,4.748651530192034
2026-09-07T15:32:09.746Z,28,50.5,-49.5,19.4,0.299,54.64994834791599,25.217685946672805,4.748651530192135
2026-09-07T15:32:10.750Z,29,50.3,-49.7,20.1,0.572,54.649985943378056,25.21763228320598,4.748651530192159
2026-09-07T15:32:11.754Z,30,53.5,-46.5,19.4,0.507,54.650021941292074,25.217582710323892,4.748651530192135
2026-09-07T15:32:12.758Z,31,49.7,-50.3,19.3,0.548,54.65005512734689,25.21752620061525,4.748651530192128
2026-09-07T15:32:13.762Z,32,47.1,-52.9,16.5,0.463,54.650084574260084,25.2174881796542,4.748651530192031
2026-09-07T15:32:14.767Z,33,48.5,-51.5,16.5,0.46,54.65011563095941,25.21744614142778,4.748651530192031
2026-09-07T15:32:15.770Z,34,48.5,-51.5,13.5,1.236,54.65013722393637,25.217428621015447,4.748651436207186
2026-09-07T15:32:16.774Z,35,50.3,-49.7,12.1,1.469,54.65015973736589,25.21739371688813,4.748651443204616
2026-09-07T15:32:17.778Z,36,54.4,-45.6,11.7,2.005,54.650184860833264,25.217369290089145,4.748651464093356
2026-09-07T15:32:18.783Z,37,56.7,-43.3,13.2,1.027,54.6502178042959,25.217372331718053,4.748651463597878
2026-09-07T15:32:19.786Z,38,56,-44,12,1.386,54.650246420707546,25.21739477789667,4.748651495464834
2026-09-07T15:32:20.790Z,39,52.5,-47.5,17.5,2.797,54.65027907465865,25.217472501946617,4.748651537261222
2026-09-07T15:32:21.794Z,40,54.3,-45.7,22.3,1.343,54.65032097357064,25.21755148882249,4.748651531619885
2026-09-07T15:32:22.799Z,41,54.2,-45.8,27.5,0.54,54.6503737604559,25.217643077999966,4.748651542131047
2026-09-07T15:32:23.802Z,42,52.4,-47.6,32.1,1.093,54.65043594932233,25.217750073518825,4.748651569661218
2026-09-07T15:32:24.806Z,43,52.9,-47.1,34.1,9.537,54.65050002480322,25.217860639154008,4.74865156024834
2026-09-07T15:32:25.810Z,44,62.2,-37.8,34.8,2.078,54.65057658132036,25.218011726730808,4.748651545077957
2026-09-07T15:32:26.815Z,45,62.2,-37.8,36.2,0.466,54.65064327183832,25.218127047038152,5.3353849563960845
2026-09-07T15:32:27.819Z,46,53.6,-46.4,36.2,0.389,54.65070550834716,25.21823906141457,5.813183170455993
2026-09-07T15:32:28.823Z,47,59,-41,36.5,0.542,54.65076863919378,25.21835533271344,4.594948735047636
2026-09-07T15:32:29.827Z,48,56.4,-43.6,36.5,0.706,54.65083180886534,25.21846499882831,4.783744757294585
2026-09-07T15:32:30.831Z,49,52.8,-47.2,37.8,1.342,54.65089927426778,25.218587256349576,4.8215395977414985
2026-09-07T15:32:31.835Z,50,59.2,-40.8,39.4,0.972,54.65097124884092,25.21871350206626,3.8721293247521325
2026-09-07T15:32:32.839Z,51,58.3,-41.7,41.7,0.93,54.651049457861426,25.2188433281277,3.826822295380308
2026-09-07T15:32:33.844Z,52,60.2,-39.8,44.9,0.907,54.65113385396225,25.218986250661704,4.777510786371815
2026-09-07T15:32:34.847Z,53,54.8,-45.2,48,0.591,54.65122294920635,25.219141086492996,4.906425758639647
2026-09-07T15:32:35.851Z,54,59,-41,50.8,0.947,54.6513133174467,25.219313029524546,6.572586944925731
2026-09-07T15:32:36.855Z,55,57.5,-42.5,53.3,0.792,54.65141096029359,25.219488998841246,5.2293246515136405
2026-09-07T15:32:37.860Z,56,54.7,-45.3,55.4,0.906,54.651513215524105,25.219659056898227,3.533591201088815
2026-09-07T15:32:38.863Z,57,56.6,-43.4,58.2,0.363,54.65161982712857,25.219845221363116,3.8107902821577078
2026-09-07T15:32:39.868Z,58,53.2,-46.8,60.3,0.168,54.65172684229733,25.220036653104156,2.9111407291554876
2026-09-07T15:32:40.872Z,59,61.7,-38.3,62.1,0.385,54.65183858030993,25.220232042860534,2.431285970036272
2026-09-07T15:32:41.875Z,60,62.6,-37.4,62.7,0.44,54.65194922285793,25.220425810001846,3.730896863522519
2026-09-07T15:32:42.879Z,61,52.7,-47.3,63.2,0.658,54.65205938438123,25.22062574182925,3.2060778839948885
2026-09-07T15:32:43.883Z,62,57.9,-42.1,63.6,4.95,54.65216815380577,25.22082932798694,4.358172117198873
2026-09-07T15:32:44.887Z,63,60.9,-39.1,63.7,4.89,54.65227203093485,25.221034101411576,4.845659016452054
2026-09-07T15:32:45.891Z,64,56,-44,62.2,0.48,54.652381586714576,25.221212812744437,6.381434432023612
2026-09-07T15:32:46.895Z,65,55.2,-44.8,62.4,0.373,54.6524942423963,25.221397305720007,5.4941617526451285
2026-09-07T15:32:47.899Z,66,57.9,-42.1,63.2,0.865,54.65260272138039,25.221602693873297,3.940372392370628
2026-09-07T15:32:48.904Z,67,62.7,-37.3,64.2,1.074,54.65271447351457,25.221800553323515,4.059135278704184
2026-09-07T15:32:49.908Z,68,56.3,-43.7,64.5,0.662,54.65282497488779,25.222005242685952,3.2819946156033777
2026-09-07T15:32:50.911Z,69,58.3,-41.7,63.4,0.739,54.652930307427646,25.22220365601708,3.385292366052989
2026-09-07T15:32:51.915Z,70,63.8,-36.2,61.4,1.221,54.65303233777348,25.22239438795121,3.599563976995963
2026-09-07T15:32:52.920Z,71,58.2,-41.8,59.5,1.013,54.653135604866804,25.222570868643967,2.7116800245554846
2026-09-07T15:32:53.923Z,72,56.9,-43.1,57.1,1.066,54.65321645908243,25.22276497798686,3.1660683920430444
2026-09-07T15:32:54.928Z,73,52.6,-47.4,54.7,1.02,54.653308660792064,25.222926795725353,2.963730050907028
2026-09-07T15:32:55.932Z,74,56.4,-43.6,52.2,1.155,54.65339428005858,25.223083059714636,2.757677518024578
2026-09-07T15:32:56.936Z,75,66.2,-33.8,49.7,1.171,54.65347908333818,25.223230586942687,2.3763316925155302
2026-09-07T15:32:57.939Z,76,57.4,-42.6,47,0.832,54.65355385083863,25.223376140755075,2.6037317941881746
2026-09-07T15:32:58.944Z,77,52.6,-47.4,43.9,0.842,54.65362717798739,25.223504975476764,4.165575505073212
2026-09-07T15:32:59.948Z,78,59,-41,41.2,0.745,54.653690881553445,25.223632201305094,3.3473935519739584
2026-09-07T15:33:00.952Z,79,57.7,-42.3,38.5,0.883,54.653754517071484,25.22374275114637,2.9066857319952595
2026-09-07T15:33:01.956Z,80,55.6,-44.4,36.1,0.93,54.65381266413773,25.223847759883167,2.678980383824073
2026-09-07T15:33:02.960Z,81,59,-41,32.6,1.06,54.653860273341465,25.223944464330486,2.3997608479338064
2026-09-07T15:33:03.964Z,82,55.1,-44.9,29.5,1.174,54.653913979542736,25.224016041174604,2.5830501822485865
2026-09-07T15:33:04.968Z,83,53.8,-46.2,26,1.41,54.653956044198836,25.224081346457407,3.0847015983082633
2026-09-07T15:33:05.972Z,84,50.2,-49.8,20.7,1.116,54.65398200786085,25.224135187046393,2.963949718315333
2026-09-07T15:33:06.976Z,85,43.4,-56.6,16.1,1.238,54.65400574287775,25.224173296764217,2.9270062740161613
2026-09-07T15:33:07.980Z,86,47.9,-52.1,10.8,0.388,54.65401963170658,25.224186620731018,3.207016007636243
2026-09-07T15:33:08.984Z,87,51.7,-48.3,6.2,0.278,54.654025932451965,25.22419076827169,3.2142516298388175
2026-09-07T15:33:09.988Z,88,47.8,-52.2,1.9,4.318,54.65402352832144,25.22418326419373,3.287822402478484
2026-09-07T15:33:10.992Z,89,47.8,-52.2,0,0.235,54.65402146736121,25.224180099659847,3.2459214565120753
2026-09-07T15:33:11.997Z,90,53.2,-46.8,0.6,1.409,54.65402224507234,25.22417611035041,3.1213293020170583
2026-09-07T15:33:13.000Z,91,50.5,-49.5,1.1,0.257,54.65402797464851,25.224177434066956,3.0751245049423708
2026-09-07T15:33:14.004Z,92,49,-51,1.4,0.26,54.65402965229832,25.22417818573114,3.0138775905241517
2026-09-07T15:33:15.009Z,93,48.6,-51.4,0,0.187,54.654024865790824,25.224172390895173,3.0910995113482516
2026-09-07T15:33:16.012Z,94,51,-49,0,0.547,54.654024865790824,25.224172390895173,3.0585352158812675
2026-09-07T15:33:17.016Z,95,52,-48,0,0.157,54.654024865790824,25.224172390895173,3.085281685564964
2026-09-07T15:33:18.020Z,96,51.3,-48.7,0,0.703,54.654024865790824,25.224172390895173,3.02962442501857
2026-09-07T15:33:19.024Z,97,55.8,-44.2,0,0.949,54.654024865790824,25.224172390895173,3.0249610450671667
2026-09-07T15:33:20.028Z,98,41.9,-58.1,0.7,0.137,54.65403065549488,25.224170386158665,2.978406237659174
2026-09-07T15:33:21.032Z,99,44.7,-55.3,0.4,0.341,54.65403206399083,25.224168897331175,3.0413684053722556
2026-09-07T15:33:22.036Z,100,44.2,-55.8,0,0.485,54.65403171826568,25.22416815902897,3.1516246547658704
2026-09-07T15:33:23.041Z,101,49.4,-50.6,0,0.213,54.65403171826568,25.22416815902897,3.1468856232495868
2026-09-07T15:33:24.045Z,102,45.5,-54.5,0,0.426,54.65403171826568,25.22416815902897,3.2884029556925807
2026-09-07T15:33:25.048Z,103,44.8,-55.2,0,0.662,54.65403171826568,25.22416815902897,3.2884029556925807
2026-09-07T15:33:26.052Z,104,46.8,-53.2,0,0.102,54.654028005876825,25.22415684941188,3.458671986377023
2026-09-07T15:33:27.057Z,105,41.1,-58.9,0,0.264,54.65402841719954,25.224154097326714,3.522377733051118
2026-09-07T15:33:28.061Z,106,48,-52,0,0.291,54.65402841719954,25.224154097326714,3.5813757906309194
2026-09-07T15:33:29.064Z,107,46.9,-53.1,0,0.215,54.65402841719954,25.224154097326714,3.52772629250653
2026-09-07T15:33:30.068Z,108,48.3,-51.7,0,2.591,54.65402841719954,25.224154097326714,3.5410645479056515
2026-09-07T15:33:31.073Z,109,45.7,-54.3,0,0.67,54.65402337118596,25.224153492627224,3.6448229910748773
2026-09-07T15:33:32.077Z,110,49.1,-50.9,0.1,0.3,54.65402138645218,25.22415756808435,3.73655878999433
2026-09-07T15:33:33.080Z,111,48.4,-51.6,0.1,1.333,54.65402138645218,25.22415756808435,3.73655878999433
2026-09-07T15:33:34.085Z,112,48,-52,0,0.043,54.65401927693848,25.22416311107639,3.7894499120780933
2026-09-07T15:33:35.089Z,113,45.7,-54.3,0,0.304,54.65401927693848,25.22416311107639,3.7894499120780933
2026-09-07T15:33:36.093Z,114,45.3,-54.7,0,0.304,54.65401927693848,25.22416311107639,3.7894499120780933
2026-09-07T15:33:37.097Z,115,47.3,-52.7,0,0.304,54.65401927693848,25.22416311107639,3.7894499120780933
2026-09-07T15:33:38.101Z,116,46.7,-53.3,0.2,1.737,54.654012339244304,25.22416208465247,4.06193510159265
2026-09-07T15:33:39.106Z,117,55.3,-44.7,0.3,0.299,54.6540101534269,25.224162295483872,4.032409587634395
2026-09-07T15:33:40.109Z,118,50.3,-49.7,0.4,0.255,54.654010911849404,25.224155716198204,4.061016929230216
2026-09-07T15:33:41.112Z,119,50.9,-49.1,0,1.582,54.65401081536392,25.22415454100255,4.020132448994832
2026-09-07T15:33:42.117Z,120,51.8,-48.2,0,1.833,54.654007778919265,25.22414945475788,3.954672030050886
2026-09-07T15:33:43.122Z,121,54.3,-45.7,0,2.22,54.65401715061763,25.224160284268013,3.8807244423444986
2026-09-07T15:33:44.125Z,122,59.1,-40.9,0,1.852,54.65401715061763,25.224160284268013,3.805380884388242
2026-09-07T15:33:45.129Z,123,58.1,-41.9,17.4,2.1,54.65409165325373,25.224293196430626,3.717471815248432
2026-09-07T15:33:46.133Z,124,59.9,-40.1,24.6,1.402,54.65414657701475,25.22438694031384,3.5376235470487174
2026-09-07T15:33:47.138Z,125,59.6,-40.4,29.1,1.405,54.65420674527924,25.224488478594466,3.2580505104388955
2026-09-07T15:33:48.141Z,127,59.1,-40.9,33.9,1.139,54.65427294544864,25.224605568131654,3.443276216074751
2026-09-07T15:33:49.145Z,128,58.8,-41.2,38.9,0.871,54.654352515503184,25.22473557617695,3.776900556220076
2026-09-07T15:33:50.149Z,129,58.1,-41.9,43,0.554,54.654430644831194,25.22488195940958,3.1689418763553845
2026-09-07T15:33:51.154Z,130,54.4,-45.6,46.9,0.762,54.654517755605795,25.22503850041998,2.6862301298683673
2026-09-07T15:33:52.158Z,131,61.3,-38.7,49.6,0.716,54.654609560393965,25.22519907100819,2.32975302106645
2026-09-07T15:33:53.161Z,132,56.3,-43.7,53.8,0.726,54.654709524410116,25.225379983682366,2.3003227647501108
2026-09-07T15:33:54.165Z,133,56.9,-43.1,57,0.573,54.65481389749136,25.225561927357422,2.1313286156168134
2026-09-07T15:33:55.169Z,134,56.3,-43.7,59.1,0.312,54.654922109454574,25.22574833899952,2.2721403626673284
2026-09-07T15:33:56.173Z,135,55.9,-44.1,61.5,0.164,54.655030010175274,25.225948371849412,2.7539534251188846
2026-09-07T15:33:57.177Z,136,54.4,-45.6,63.9,0.199,54.655141843816885,25.22615779537131,2.78995551932342
2026-09-07T15:33:58.181Z,137,59.1,-40.9,65.5,0.378,54.65526221950764,25.226356758263158,2.604073767994719
2026-09-07T15:33:59.185Z,138,60.7,-39.3,66.9,0.065,54.65538069369167,25.22657032784026,2.9304128087486014
2026-09-07T15:34:00.190Z,139,56.4,-43.6,67.6,0.438,54.655497923399714,25.226780387909294,3.31362599414925
2026-09-07T15:34:01.194Z,140,58.8,-41.2,67.9,0.406,54.655615879601164,25.226991815666153,2.474920456039069
2026-09-07T15:34:02.197Z,141,59.9,-40.1,67.9,0.673,54.655731143322605,25.22720266495371,2.8391693292105025
2026-09-07T15:34:03.202Z,142,57.8,-42.2,67.5,0.164,54.65584512688569,25.227415073740577,3.138328056594517
2026-09-07T15:34:04.206Z,143,63.1,-36.9,67.5,0.397,54.65596543331858,25.227622679499646,2.9500828863338096
2026-09-07T15:34:05.210Z,144,57.4,-42.6,67.4,0.208,54.656079982822604,25.22783206427728,3.890867419980382
2026-09-07T15:34:06.214Z,145,61.2,-38.8,68.6,0.487,54.656202899008875,25.22804738418964,3.761477684073606
2026-09-07T15:34:07.218Z,146,57.9,-42.1,69.2,0.401,54.6563283056481,25.228260020523855,2.6932257074103134
2026-09-07T15:34:08.222Z,147,53.1,-46.9,70.3,0.78,54.65645517200636,25.228477148845844,3.072729739470356
2026-09-07T15:34:09.226Z,148,57.9,-42.1,70.2,0.583,54.65657838922283,25.228697214628557,2.97908213469366
2026-09-07T15:34:10.231Z,149,59.7,-40.3,68.7,0.49,54.65669520597585,25.228911581541038,3.1635806137299793
2026-09-07T15:34:11.235Z,150,54.3,-45.7,65.7,0.396,54.6568045492703,25.229111766944314,2.6976112792384277
2026-09-07T15:34:12.239Z,151,62,-38,65.9,0.143,54.65692500225618,25.2293121070101,2.6107565082281234
2026-09-07T15:34:13.243Z,152,56.7,-43.3,65.7,0.86,54.657037853090145,25.229517416286157,2.227470010055196
2026-09-07T15:34:14.247Z,153,60.3,-39.7,64.6,0.292,54.657148308250285,25.229717486480048,2.7173357142723296
2026-09-07T15:34:15.251Z,154,57.4,-42.6,64.3,0.31,54.65726163941905,25.22991958066653,2.269133129043545
2026-09-07T15:34:16.255Z,155,61,-39,64,0.204,54.65737392137958,25.230115215354527,2.322936221126648
2026-09-07T15:34:17.259Z,156,59.4,-40.6,63.8,0.52,54.65748752604097,25.230307901056708,2.415264236093513
2026-09-07T15:34:18.263Z,157,55.7,-44.3,63.5,0.683,54.65759798910864,25.230506516666075,2.3555024480092923
2026-09-07T15:34:19.267Z,158,54.2,-45.8,61.8,0.294,54.657705084233015,25.230692615388307,2.1402322127033573
2026-09-07T15:34:20.271Z,159,55.6,-44.4,60.4,0.788,54.65780999088097,25.23087725645777,3.184409372913252
2026-09-07T15:34:21.275Z,160,59.2,-40.8,59.6,0.466,54.6579132935061,25.231062993263382,2.6395160873308536
2026-09-07T15:34:22.280Z,161,52.8,-47.2,56.4,0.309,54.65801037797741,25.231228364408164,2.4687383027955088
2026-09-07T15:34:23.283Z,162,62.7,-37.3,55.3,0.475,54.658105827564526,25.23140128569849,3.022039554008759
2026-09-07T15:34:24.287Z,163,51.6,-48.4,53.9,0.706,54.65819905334933,25.231568159540274,2.4519844427451583
2026-09-07T15:34:25.291Z,164,54,-46,51.5,1.135,54.658286201278266,25.231724441290428,3.0322382059602795
2026-09-07T15:34:26.296Z,165,55.1,-44.9,48.4,0.898,54.65836809442612,25.231868605296704,2.9338831211053
2026-09-07T15:34:27.299Z,166,49.9,-50.1,44.6,0.66,54.65844862243317,25.23199352091779,2.7432022501667754
2026-09-07T15:34:28.303Z,167,62.1,-37.9,39.8,0.68,54.658505873599616,25.232114616291373,2.3981635651506625
2026-09-07T15:34:29.308Z,168,63.5,-36.5,36.5,0.761,54.65856758825132,25.232221738536307,2.221435190005274
2026-09-07T15:34:30.312Z,169,60,-40,33.3,0.731,54.658625800194045,25.232318877328673,2.1267419987222422
2026-09-07T15:34:31.315Z,170,55.4,-44.6,30.2,0.779,54.65867538791385,25.23240557178938,2.246599270760636
2026-09-07T15:34:32.320Z,171,50.4,-49.6,25.9,0.764,54.65871483665586,25.23248254171609,2.3666266974868893
2026-09-07T15:34:33.324Z,172,55.9,-44.1,22.8,0.622,54.65875314849961,25.232545750618588,2.264788946012308
2026-09-07T15:34:34.328Z,173,62.9,-37.1,18.9,0.492,54.65878499097048,25.232598737123684,2.210827826651063
2026-09-07T15:34:35.332Z,174,63.4,-36.6,14.8,0.465,54.658811032731975,25.232638260777637,2.3387661272328524
2026-09-07T15:34:36.336Z,175,56.4,-43.6,10.9,0.574,54.65882923861143,25.23266400021431,2.3278791701642794
2026-09-07T15:34:38.060Z,176,60.1,-39.9,7.1,0.304,54.65883987581653,25.232682826132837,2.3293742755639477
2026-09-07T15:34:40.061Z,178,60.1,-39.9,7.1,0.304,54.65883987581653,25.232682826132837,2.3293742755639477
2026-09-07T15:34:42.060Z,180,60.1,-39.9,7.1,0.304,54.65883987581653,25.232682826132837,2.3293742755639477
2026-09-07T15:34:44.061Z,182,60.1,-39.9,7.1,0.304,54.65883987581653,25.232682826132837,2.3293742755639477
2026-09-07T15:34:46.061Z,184,60.1,-39.9,7.1,0.304,54.65883987581653,25.232682826132837,2.3293742755639477
2026-09-07T15:34:48.061Z,186,60.1,-39.9,7.1,0.304,54.65883987581653,25.232682826132837,2.3293742755639477
2026-09-07T15:34:50.061Z,188,60.1,-39.9,7.1,0.304,54.65883987581653,25.232682826132837,2.3293742755639477
2026-09-07T15:34:52.061Z,190,60.1,-39.9,7.1,0.304,54.65883987581653,25.232682826132837,2.3293742755639477
2026-09-07T15:34:54.061Z,192,60.1,-39.9,7.1,0.304,54.65883987581653,25.232682826132837,2.3293742755639477
2026-09-07T15:34:56.061Z,194,60.1,-39.9,7.1,0.304,54.65883987581653,25.232682826132837,2.3293742755639477
2026-09-07T15:34:58.061Z,196,60.1,-39.9,7.1,0.304,54.65883987581653,25.232682826132837,2.3293742755639477
2026-09-07T15:35:00.061Z,198,60.1,-39.9,7.1,0.304,54.65883987581653,25.232682826132837,2.3293742755639477
2026-09-07T15:35:02.061Z,200,60.1,-39.9,7.1,0.304,54.65883987581653,25.232682826132837,2.3293742755639477
2026-09-07T15:35:04.061Z,202,60.1,-39.9,7.1,0.304,54.65883987581653,25.232682826132837,2.3293742755639477
2026-09-07T15:35:06.061Z,204,60.1,-39.9,7.1,0.304,54.65883987581653,25.232682826132837,2.3293742755639477
2026-09-07T15:35:08.061Z,206,60.1,-39.9,7.1,0.304,54.65883987581653,25.232682826132837,2.3293742755639477
2026-09-07T15:35:10.061Z,208,60.1,-39.9,7.1,0.304,54.65883987581653,25.232682826132837,2.3293742755639477
2026-09-07T15:35:12.062Z,210,60.1,-39.9,7.1,0.304,54.65883987581653,25.232682826132837,2.3293742755639477
2026-09-07T15:35:14.062Z,212,60.1,-39.9,7.1,0.304,54.65883987581653,25.232682826132837,2.3293742755639477
2026-09-07T15:35:16.062Z,214,60.1,-39.9,7.1,0.304,54.65883987581653,25.232682826132837,2.3293742755639477
2026-09-07T15:35:18.062Z,216,60.1,-39.9,7.1,0.304,54.65883987581653,25.232682826132837,2.3293742755639477
2026-09-07T15:35:20.062Z,218,60.1,-39.9,7.1,0.304,54.65883987581653,25.232682826132837,2.3293742755639477
2026-09-07T15:35:22.062Z,220,60.1,-39.9,7.1,0.304,54.65883987581653,25.232682826132837,2.3293742755639477
2026-09-07T15:35:23.066Z,221,60.1,-39.9,7.1,0.304,54.65883987581653,25.232682826132837,2.3293742755639477
2026-09-07T15:35:24.069Z,222,49.3,-50.7,0.1,0.498,54.66281788933725,25.23543668958388,10.495014000000001
2026-09-07T15:35:25.073Z,223,49.4,-50.6,21.6,0.343,54.66317685791726,25.23571103813614,3.9363601554762733
2026-09-07T15:35:26.077Z,224,54.5,-45.5,15.7,0.667,54.663192867352315,25.235728221037643,3.5571291187211553
2026-09-07T15:35:27.082Z,225,50.8,-49.2,15.7,1.256,54.663192867352315,25.235728221037643,3.5571291187211553
2026-09-07T15:35:28.085Z,226,51.1,-48.9,15.2,1.206,54.66325166640306,25.235766442516105,3.5355339059327373
2026-09-07T15:35:29.089Z,227,53.8,-46.2,17.6,1.661,54.663290097429105,25.235792342596906,3.5355339059327373
2026-09-07T15:35:30.094Z,228,59.5,-40.5,17.6,5.73,54.66333628171558,25.235817739763515,3.5355339059327373
2026-09-07T15:35:31.098Z,229,62.5,-37.5,21.8,2.005,54.66338829142476,25.235860738926785,3.5355339059327373
2026-09-07T15:35:32.102Z,230,57.3,-42.7,26.6,1.619,54.66346247126783,25.235897451662677,3.5355339059327373
2026-09-07T15:35:33.106Z,231,61.4,-38.6,38.3,3.808,54.66355764777834,25.23593910972144,3.5355339059327373
2026-09-07T15:35:34.110Z,232,56.9,-43.1,42.2,1.62,54.66365194418902,25.23600222545232,3.5355339059327373
2026-09-07T15:35:35.114Z,233,58.1,-41.9,42.2,0.501,54.66375248511756,25.23606324570741,3.5355339059327373
2026-09-07T15:35:36.118Z,234,68.3,-31.7,43.6,1.094,54.6638635872441,25.236140359216588,3.5355339059327373
2026-09-07T15:35:37.122Z,235,61.3,-38.7,43.6,0.606,54.663965924319605,25.23620352705618,4.74865153019364
2026-09-07T15:35:38.126Z,236,56.7,-43.3,47.3,0.572,54.66408247429202,25.236279315702575,4.748651530193975
2026-09-07T15:35:39.130Z,237,56.7,-43.3,56.8,0.869,54.66423639170839,25.23637384290432,4.7486515301949614
2026-09-07T15:35:40.134Z,238,58.9,-41.1,56.8,0.368,54.664363670659405,25.236454225460214,4.7486515301949614
2026-09-07T15:35:41.139Z,239,55.1,-44.9,57.9,0.451,54.6645045190105,25.23654212005189,4.748651530195084
2026-09-07T15:35:42.142Z,241,57.7,-42.3,60.1,0.198,54.664652162785394,25.2366302409018,4.748651530195336
2026-09-07T15:35:43.147Z,242,57.8,-42.2,62.7,0.517,54.664809179834684,25.236736812657462,4.748651530195651
2026-09-07T15:35:44.151Z,243,58.3,-41.7,62.4,0.438,54.66495656484077,25.236814919530325,4.748651530195612
2026-09-07T15:35:45.154Z,244,54,-46,62.7,0.249,54.66510586615116,25.236912461369236,4.748651530195651
2026-09-07T15:35:46.158Z,245,58.5,-41.5,65.6,1.58,54.6652603030795,25.23700735740909,4.7486515301960175
2026-09-07T15:35:47.163Z,246,59.7,-40.3,65.8,0.626,54.66541320220955,25.237097043687157,4.748651530196055
2026-09-07T15:35:48.167Z,247,56.4,-43.6,65.6,0.812,54.665570359456154,25.23716968676048,4.748651530196017
2026-09-07T15:35:49.170Z,248,54.9,-45.1,65.8,0.974,54.66573098737543,25.237230231629837,4.748651530196056
2026-09-07T15:35:50.174Z,249,56.6,-43.4,67.6,0.445,54.66589964110753,25.23729523069501,4.74865153019629
2026-09-07T15:35:51.179Z,250,59.5,-40.5,70.6,0.415,54.66608243780465,25.237337688223636,4.748651530196693
2026-09-07T15:35:52.183Z,251,55.9,-44.1,70.6,1.057,54.66625874617538,25.237378680168284,4.748651530196693
2026-09-07T15:35:53.187Z,252,62.5,-37.5,71.8,0.754,54.66645192077012,25.2374108489959,4.748651530196871
2026-09-07T15:35:54.191Z,253,58.2,-41.8,72.2,0.387,54.66662854462784,25.237439689495048,4.7486515301969225
2026-09-07T15:35:55.195Z,254,61.2,-38.8,72.2,0.732,54.66680402035318,25.237476117457785,4.7486515301969225
2026-09-07T15:35:56.199Z,255,53.3,-46.7,70.9,1.556,54.666978113279015,25.2375141378149,4.74865153019674
2026-09-07T15:35:57.203Z,256,52.5,-47.5,71.2,0.565,54.667165524402755,25.23756699395325,3.3247892051204637
2026-09-07T15:35:58.207Z,257,60.2,-39.8,70.7,1.08,54.66733597292139,25.237628725668607,2.0358043848705876
2026-09-07T15:35:59.211Z,258,54.2,-45.8,71.1,0.997,54.66750700188257,25.237690960076385,2.4508781063251073
2026-09-07T15:36:00.216Z,259,58.9,-41.1,70.3,0.86,54.66767378235403,25.237765548254483,2.156658658674774
2026-09-07T15:36:01.219Z,260,60.7,-39.3,69.4,2.482,54.66783510664648,25.237847413564033,2.0561968032438185
2026-09-07T15:36:02.223Z,261,54.4,-45.6,68.3,1.77,54.66799536042281,25.23794204644278,2.020093502190543
2026-09-07T15:36:03.227Z,262,58.5,-41.5,68.2,0.852,54.668157724834934,25.238024168538097,2.0071925998161233
2026-09-07T15:36:04.232Z,263,60.3,-39.7,67.2,1.276,54.668318834053764,25.238087843310915,3.4572721047251846
2026-09-07T15:36:05.236Z,264,63.2,-36.8,65.5,1.264,54.66847742675646,25.238118074511984,3.2846477579612534
2026-09-07T15:36:06.239Z,265,61.5,-38.5,62,1.391,54.66861904383099,25.238129754870254,3.0516999255610906
2026-09-07T15:36:07.243Z,266,63.2,-36.8,65.4,1.4,54.66879275767958,25.23814565185928,2.409355803998031
2026-09-07T15:36:08.248Z,267,62.5,-37.5,65.3,0.406,54.66895871097533,25.238122552177074,2.7914377364871186
2026-09-07T15:36:09.252Z,268,64.2,-35.8,66.7,0.397,54.669124878300394,25.238076846516527,2.3893085551038777
2026-09-07T15:36:10.256Z,269,63.6,-36.4,66.7,0.279,54.669124878300394,25.238076846516527,2.3893085551038777
2026-09-07T15:36:11.260Z,270,61.3,-38.7,68.1,0.812,54.66945719852935,25.23799843073736,2.0831783902331455
2026-09-07T15:36:12.263Z,271,60.5,-39.5,68.2,0.66,54.66962408787554,25.237967860496568,2.0301083564192495
2026-09-07T15:36:13.268Z,272,60.5,-39.5,68.8,1.06,54.66979630646242,25.237942636242128,2.1941739546449264
2026-09-07T15:36:14.272Z,273,63.2,-36.8,68.6,1.19,54.669966409621416,25.237929716950326,2.0952981627966567
2026-09-07T15:36:15.276Z,274,59.3,-40.7,68,1.388,54.670133429733646,25.237919435476286,2.0345051053169594
2026-09-07T15:36:16.280Z,275,61.8,-38.2,68.5,1.184,54.67030764874591,25.23793205166478,2.0121222356532127
2026-09-07T15:36:17.284Z,276,63.9,-36.1,69.8,1.342,54.67048433382157,25.237963170515513,2.135276588744268
2026-09-07T15:36:18.288Z,277,58.9,-41.1,69.8,1.112,54.67048433382157,25.237963170515513,2.135276588744268
2026-09-07T15:36:19.292Z,278,58.9,-41.1,70.1,1.182,54.67082965085493,25.238077042968932,2.4443306755042706
2026-09-07T15:36:20.296Z,279,57,-43,70.1,1.233,54.67099967976121,25.238163460472617,2.5320499373492678
2026-09-07T15:36:21.301Z,280,53,-47,69.9,1.171,54.67116377025935,25.238264121996135,2.675861342115762
2026-09-07T15:36:22.304Z,281,58.1,-41.9,69.3,0.492,54.671322221396984,25.238377610376812,3.36795386096867
2026-09-07T15:36:23.308Z,282,57.1,-42.9,67.8,0.767,54.67147323940313,25.238493733602187,3.5034529057350574
2026-09-07T15:36:24.312Z,283,53.8,-46.2,65.9,0.488,54.67162112719738,25.238607893100895,2.5712337547305495
2026-09-07T15:36:25.317Z,284,58,-42,64.1,1.02,54.671764123913974,25.23871645741598,2.2193300126246767
2026-09-07T15:36:26.321Z,285,56,-44,62.2,0.804,54.67190307264161,25.23882207216855,2.086281168406911
2026-09-07T15:36:27.324Z,286,62.3,-37.7,59.8,1.276,54.67203543064398,25.238926652670177,2.035516669482672
2026-09-07T15:36:28.328Z,287,54.5,-45.5,56.5,0.69,54.67215778949314,25.23903166171616,2.5850769961073747
2026-09-07T15:36:29.332Z,288,54,-46,53,1.132,54.67226994621135,25.239130042484625,2.7490132778085172
2026-09-07T15:36:30.336Z,289,60.2,-39.8,48.8,1.566,54.67236809099043,25.239223015125173,2.361750697554485
2026-09-07T15:36:31.341Z,290,59.7,-40.3,44,1.075,54.67245442673296,25.239310658272068,2.314353387424534
2026-09-07T15:36:32.344Z,291,56,-44,38.2,0.844,54.67252491362802,25.239386617836686,3.840018925792694
2026-09-07T15:36:33.349Z,292,60.4,-39.6,33.2,1.409,54.67258069523355,25.23945671723978,3.0935031001009974
2026-09-07T15:36:34.352Z,293,53.3,-46.7,28.5,0.481,54.67263104064564,25.239516397616704,2.963613069683838
2026-09-07T15:36:35.356Z,294,50.3,-49.7,22.9,0.549,54.67266845039269,25.239560646895075,3.049976333740468
2026-09-07T15:36:36.360Z,295,45.8,-54.2,16.2,0.405,54.67269112934047,25.23959112333016,2.931859971038888
2026-09-07T15:36:37.365Z,296,51.4,-48.6,12.7,1.103,54.67271218372449,25.239621280005963,2.7863891205799427
2026-09-07T15:36:38.369Z,297,49.6,-50.4,10.2,1.088,54.672730098336096,25.239642378371997,2.6740478145271678
2026-09-07T15:36:39.373Z,298,49.3,-50.7,8.4,0.723,54.67274490027754,25.239661892468934,2.6664503729979696
2026-09-07T15:36:40.376Z,299,51.2,-48.8,5.5,0.302,54.67275275730455,25.239669890957135,2.6424405267422353
2026-09-07T15:36:41.381Z,300,49.8,-50.2,3.3,0.607,54.672755559599,25.239674209683056,2.5781964820781322
2026-09-07T15:36:42.384Z,301,50.3,-49.7,1.4,0.719,54.67275498143032,25.23967799824738,2.607904228141735
2026-09-07T15:36:43.389Z,302,51,-49,0,0.507,54.67275331059173,25.239676023076473,2.611107910929796
2026-09-07T15:36:44.393Z,303,53.3,-46.7,0,0.519,54.67275331059173,25.239676023076473,2.6897859267286144
2026-09-07T15:36:45.397Z,304,51.7,-48.3,0,0.61,54.67275112475184,25.23967762767104,2.7211039379656325
2026-09-07T15:36:46.401Z,305,48.9,-51.1,0,1.951,54.67275112475184,25.23967762767104,2.7956223975482377
2026-09-07T15:36:47.405Z,306,54.4,-45.6,0,1.279,54.67275112475184,25.23967762767104,2.849843747315982
2026-09-07T15:36:48.408Z,307,51.7,-48.3,0.6,0.442,54.67275122910807,25.23968164882501,2.838822374736387
2026-09-07T15:36:49.413Z,308,53.9,-46.1,0.2,0.489,54.672748968128225,25.239679818104495,2.824997965181887
2026-09-07T15:36:50.417Z,309,50.6,-49.4,0,0.75,54.6727490198817,25.23967468969517,2.8236129491652777
2026-09-07T15:36:51.421Z,310,53.3,-46.7,0,0.408,54.6727490198817,25.23967468969517,2.8020756496981973
2026-09-07T15:36:52.425Z,311,50.8,-49.2,0,0.277,54.6727490198817,25.23967468969517,2.7923403175275254
2026-09-07T15:36:53.429Z,312,51.7,-48.3,0,0.244,54.6727490198817,25.23967468969517,2.7564189885384622
2026-09-07T15:36:54.433Z,313,51.2,-48.8,0,0.693,54.6727490198817,25.23967468969517,2.724881571818197
2026-09-07T15:36:55.437Z,314,47.3,-52.7,3,0.071,54.672768344515205,25.239702378990238,2.702927772473971
2026-09-07T15:36:56.441Z,315,47.8,-52.2,0,0.189,54.67276537598256,25.239698676989814,2.669514763221384
2026-09-07T15:36:57.445Z,316,48,-52,0,0.161,54.67276537598256,25.239698676989814,2.6360390250603145
2026-09-07T15:36:58.450Z,317,49.6,-50.4,0,0.161,54.67276537598256,25.239698676989814,2.6360390250603145
2026-09-07T15:36:59.453Z,318,48.1,-51.9,0,0.099,54.67276537598256,25.239698676989814,2.606519803026837
2026-09-07T15:37:00.457Z,319,50.8,-49.2,0,0.083,54.67276537598256,25.239698676989814,2.5761938128754953
2026-09-07T15:37:01.461Z,320,45.7,-54.3,0,0.067,54.67276537598256,25.239698676989814,2.547384122231721
2026-09-07T15:37:02.466Z,321,47.1,-52.9,0,0.046,54.67276537598256,25.239698676989814,2.525467841417891
2026-09-07T15:37:03.470Z,322,50.2,-49.8,0,0.044,54.67276537598256,25.239698676989814,2.5932706433202286
2026-09-07T15:37:04.474Z,323,50.2,-49.8,0,0.04,54.67276537598256,25.239698676989814,2.6120131608030372
2026-09-07T15:37:05.477Z,324,47.6,-52.4,0,0.023,54.67276537598256,25.239698676989814,2.6257955951170304
2026-09-07T15:37:06.481Z,325,49.8,-50.2,0,0.013,54.67276537598256,25.239698676989814,2.6000219468824888
2026-09-07T15:37:07.486Z,326,49.8,-50.2,0,0.026,54.67276537598256,25.239698676989814,2.5700208495383645
2026-09-07T15:37:08.490Z,327,48.9,-51.1,0,0.044,54.67276537598256,25.239698676989814,2.5456504081270945
2026-09-07T15:37:09.493Z,328,50,-50,0,0.253,54.67276537598256,25.239698676989814,2.5183678877207396
2026-09-07T15:37:10.498Z,329,47.9,-52.1,0,0.26,54.67276537598256,25.239698676989814,2.497797843929078
2026-09-07T15:37:11.501Z,330,59.4,-40.6,0,0.259,54.67276537598256,25.239698676989814,2.5584559567741074
2026-09-07T15:37:12.506Z,331,53.2,-46.8,0,0.78,54.67276537598256,25.239698676989814,2.6121183359311373
2026-09-07T15:37:13.509Z,332,46.9,-53.1,0,1.392,54.67276537598256,25.239698676989814,2.5867950895634246
2026-09-07T15:37:14.514Z,333,58.9,-41.1,0,1.884,54.67276537598256,25.239698676989814,2.612158148254801
2026-09-07T15:37:15.518Z,334,57.3,-42.7,8.4,1.448,54.67281007726765,25.239751172991358,2.6239404240417716
2026-09-07T15:37:16.521Z,335,60.5,-39.5,15.5,1.239,54.67285101414964,25.239808347364658,2.7262693195156893
2026-09-07T15:37:17.526Z,336,66.9,-33.1,21.5,1.307,54.672903012682006,25.239880932620032,2.81857566639746
2026-09-07T15:37:18.530Z,337,66.2,-33.8,27.4,1.117,54.67296555191865,25.23997204131797,3.16314989435415
2026-09-07T15:37:19.534Z,338,60.3,-39.7,35,1.161,54.673043373747014,25.24008123901453,2.8151581563085366
2026-09-07T15:37:20.538Z,339,62.3,-37.7,39.7,0.959,54.67312487078741,25.240196655869113,2.7283876093393613
2026-09-07T15:37:21.542Z,340,63.3,-36.7,43.5,0.872,54.67321137257882,25.24032578181702,2.783118245580474
2026-09-07T15:37:22.546Z,341,59.1,-40.9,47.4,0.598,54.673304165188455,25.240472502254445,2.481398529983859
2026-09-07T15:37:23.550Z,342,56.2,-43.8,51,0.423,54.67340245167201,25.240625372161556,2.2329834453286006
2026-09-07T15:37:24.554Z,343,63.4,-36.6,52.3,0.61,54.673497554831556,25.240784591156185,2.479350779143004
2026-09-07T15:37:25.559Z,344,60.1,-39.9,55.4,0.267,54.67360294658555,25.240957146548944,2.2143301283399754
2026-09-07T15:37:26.562Z,345,59.7,-40.3,57.3,0.168,54.673706112428675,25.241136321100512,2.0929190095314425
2026-09-07T15:37:27.566Z,346,62.2,-37.8,59,1.077,54.67381013703934,25.241324493710618,2.10212902366536
2026-09-07T15:37:28.570Z,347,59.4,-40.6,58.5,0.756,54.67390970357548,25.24151087077851,2.042563268987031
2026-09-07T15:37:29.574Z,348,64.1,-35.9,57.9,0.242,54.674009013059816,25.241692360164297,2.017898452182752
2026-09-07T15:37:30.578Z,349,59.2,-40.8,58.4,0.172,54.674106161968616,25.241872358983795,2.024129811771413
2026-09-07T15:37:31.582Z,350,60.1,-39.9,59.8,0.507,54.67421079098619,25.242061766470396,2.0100729324192144
2026-09-07T15:37:32.586Z,351,62.1,-37.9,61.1,0.308,54.67431414990359,25.242257834085336,2.044401344197636
2026-09-07T15:37:33.590Z,352,62.8,-37.2,63.3,0.487,54.6744256763728,25.24246020111947,2.076138724629608
2026-09-07T15:37:34.594Z,353,57,-43,65.6,0.178,54.67453950561934,25.24267209561503,2.0290240543054003
2026-09-07T15:37:35.598Z,354,61.6,-38.4,66.8,0.154,54.67465651850797,25.242881522620586,2.5307895460667464
2026-09-07T15:37:36.603Z,355,60.6,-39.4,68.3,0.265,54.67477598543521,25.243098233447366,2.8141034352104435
2026-09-07T15:37:37.607Z,356,63.7,-36.3,71.5,0.11,54.6749000995833,25.243336965008695,3.1748532937296443
2026-09-07T15:37:38.610Z,357,54.6,-45.4,71.8,0.326,54.675012888333754,25.24357083082017,4.229834116769716
2026-09-07T15:37:39.615Z,358,71.3,-28.7,71.2,1.437,54.67513988521202,25.243780233610334,3.9862191786276324
2026-09-07T15:37:40.619Z,359,58.9,-41.1,71.6,0.859,54.675270055391614,25.243995489128867,4.4656095298803
2026-09-07T15:37:41.622Z,360,60.1,-39.9,72.4,1.346,54.67539982916089,25.24421973974928,4.270423134203803
2026-09-07T15:37:42.627Z,361,63.5,-36.5,72.3,1.063,54.67553157736719,25.244437136536817,3.189045706363572
2026-09-07T15:37:43.631Z,362,60.1,-39.9,72.3,1.702,54.67565835125428,25.244658219008965,2.5022514168897785
2026-09-07T15:37:44.635Z,363,60.6,-39.4,72.7,0.91,54.675792968932335,25.244872468852265,3.4311364846771237
2026-09-07T15:37:45.639Z,364,58.8,-41.2,73.3,0.745,54.67593722875309,25.24507497259508,4.201632062891533
2026-09-07T15:37:46.643Z,365,60.4,-39.6,73.2,0.859,54.67607825258004,25.24527198360954,3.7084530335070323
2026-09-07T15:37:47.647Z,366,61.8,-38.2,72.9,0.644,54.67622525485078,25.245454050596088,3.374144268541949
2026-09-07T15:37:48.652Z,367,57.5,-42.5,72.5,0.437,54.676377410455125,25.245628481891877,3.6518572968645517
2026-09-07T15:37:49.655Z,368,60.2,-39.8,72,0.954,54.676527172147765,25.245799793676284,3.0137231037543177
2026-09-07T15:37:50.660Z,369,58.1,-41.9,72.3,0.763,54.676673835775,25.245975819381574,2.540137092606758
2026-09-07T15:37:51.663Z,370,60.7,-39.3,70.3,0.351,54.67682067101733,25.246131386577158,3.038687639429439
2026-09-07T15:37:52.668Z,371,57.5,-42.5,70.8,0.621,54.67697922760938,25.246273092472727,3.308592733253407
2026-09-07T15:37:53.672Z,372,62.1,-37.9,71.9,0.889,54.67714230399553,25.246416749807643,2.436571478932653
2026-09-07T15:37:54.675Z,373,57.1,-42.9,72.7,0.434,54.67730588937631,25.246554432223594,2.210724626365976
2026-09-07T15:37:55.680Z,374,61.6,-38.4,73.6,1.03,54.677473745954245,25.24668571851502,2.581284277803171
2026-09-07T15:37:56.684Z,375,57.6,-42.4,73.9,0.45,54.677646433478785,25.246806113072125,2.3669704694094693
2026-09-07T15:37:57.688Z,376,58.2,-41.8,73.3,0.778,54.67781876250101,25.246919348104697,2.4904163769956797
2026-09-07T15:37:58.692Z,377,58,-42,73,0.696,54.67799153322672,25.24701801675176,2.4689200172059635
2026-09-07T15:37:59.696Z,378,60.6,-39.4,72.3,0.172,54.678164389085,25.247108662902296,2.464415264722746
2026-09-07T15:38:00.700Z,379,63.2,-36.8,72,0.275,54.67833819703864,25.247188339539754,2.7492183854258627
2026-09-07T15:38:01.704Z,380,62.3,-37.7,73.2,0.614,54.67851877972941,25.247268105282743,2.889235146692414
2026-09-07T15:38:02.708Z,381,62.2,-37.8,74.3,0.658,54.67869910361873,25.24734269495227,2.8244445500336752
2026-09-07T15:38:03.712Z,382,58.2,-41.8,74.8,0.509,54.67888222865725,25.2474046497414,2.5264142764132274
2026-09-07T15:38:04.716Z,383,60.8,-39.2,74.6,0.204,54.67906516899735,25.24746128708585,2.39334412822961
2026-09-07T15:38:05.720Z,384,61.5,-38.5,74.5,0.7,54.67924915484718,25.247512844525453,2.196671563269801
2026-09-07T15:38:06.724Z,385,56,-44,73.7,0.483,54.67942983578415,25.247564311890496,2.506507028164594
2026-09-07T15:38:07.728Z,386,61.7,-38.3,73,0.661,54.67960781392159,25.247617065772264,2.647873015248045
2026-09-07T15:38:08.732Z,387,64.4,-35.6,72.2,0.715,54.679784539473296,25.247670359704358,3.3548417206106818
2026-09-07T15:38:09.737Z,388,58.3,-41.7,71.2,0.862,54.67995980100803,25.24772200902202,2.690045369419222
2026-09-07T15:38:10.741Z,389,58.9,-41.1,69.5,1.525,54.68012873955912,25.247777400032103,2.4126333214111284
2026-09-07T15:38:11.745Z,390,56.6,-43.4,68,0.704,54.68029384829837,25.247831328872206,2.146252862235526
2026-09-07T15:38:12.748Z,391,52.9,-47.1,65.3,0.525,54.6804505964714,25.24789083449226,2.161419744625022
2026-09-07T15:38:13.753Z,392,63.2,-36.8,63.7,0.638,54.680604828067146,25.247949378872306,2.3876220950527998
2026-09-07T15:38:14.757Z,393,54.9,-45.1,62.3,0.547,54.68075676024152,25.248006350526325,2.4485579033384743
2026-09-07T15:38:15.760Z,394,64,-36,62.3,0.726,54.68090625502133,25.248072864612087,2.2073465748426666
2026-09-07T15:38:16.765Z,395,59.4,-40.6,63.5,1.062,54.68106004203846,25.2481423336107,2.221337435997716
2026-09-07T15:38:17.768Z,396,62.3,-37.7,64.1,0.548,54.68121267265671,25.24822345453321,2.086449982362136
2026-09-07T15:38:18.772Z,397,54.2,-45.8,64.7,0.438,54.681365691202515,25.248309246917607,2.3285569249711244
2026-09-07T15:38:19.777Z,398,58.2,-41.8,63.3,0.515,54.68151254114251,25.248400443999714,2.1278437978284734
2026-09-07T15:38:20.781Z,399,56.4,-43.6,62.8,0.18,54.68166298127508,25.2484906677802,2.048841359906432
2026-09-07T15:38:21.785Z,400,59.3,-40.7,62.5,0.176,54.68180975757834,25.248587263364556,2.250558052373082
2026-09-07T15:38:22.788Z,401,62.2,-37.8,61.9,0.751,54.68195263648817,25.24868668859006,2.09957064122436
2026-09-07T15:38:23.793Z,402,52.3,-47.7,61.7,0.562,54.68209319951559,25.24878889526168,2.0401594938338046
2026-09-07T15:38:24.797Z,403,62.3,-37.7,61.5,0.938,54.682234253147705,25.248896328296006,2.0161086035984543
2026-09-07T15:38:25.801Z,404,56.7,-43.3,60.7,1.014,54.68236990929034,25.249007879404502,2.006509390210284
2026-09-07T15:38:26.806Z,405,56.6,-43.4,60.1,1.606,54.682501614194635,25.249129873632562,2.227768362977738
2026-09-07T15:38:27.809Z,406,58.3,-41.7,58.5,1.382,54.68262085235509,25.2492647567748,2.9484791993739186
2026-09-07T15:38:28.813Z,407,59,-41,61.1,0.948,54.682748119840724,25.249431934233346,2.5065604059818605
2026-09-07T15:38:29.817Z,408,57.9,-42.1,63.3,1.449,54.682866871028345,25.24961690576839,2.3371763011384754
2026-09-07T15:38:30.822Z,409,60.7,-39.3,64.2,1.282,54.68297975783772,25.249814068239175,2.2954772436179094
2026-09-07T15:38:31.826Z,410,57.3,-42.7,64.3,1.549,54.68308331897153,25.250025384658066,2.2827536277612075
2026-09-07T15:38:32.829Z,411,56,-44,63.9,0.576,54.683177248807176,25.25024684948604,2.5727262951942858
2026-09-07T15:38:33.833Z,412,59.5,-40.5,63.3,1.082,54.683256563110525,25.250480546552943,2.805104945644582
2026-09-07T15:38:34.837Z,413,55.1,-44.9,62.9,1.266,54.68333302021513,25.250713650413694,2.572073971434871
2026-09-07T15:38:35.842Z,414,60.5,-39.5,62.7,0.643,54.683398633686195,25.2509605057986,2.2238019266154154
2026-09-07T15:38:36.846Z,415,57.8,-42.2,63.7,1.096,54.68345402792616,25.251220911446094,2.087352825835306
2026-09-07T15:38:37.849Z,416,62.9,-37.1,65.2,0.902,54.683498420883325,25.25149192220591,2.2646910651932117
2026-09-07T15:38:38.853Z,417,60,-40,66.8,0.402,54.683525944903145,25.251777884275022,2.4141488806812252
2026-09-07T15:38:39.857Z,418,60.9,-39.1,68.1,1.072,54.68355003411784,25.25207042681081,2.1519479514088227
2026-09-07T15:38:40.861Z,419,62.1,-37.9,69.1,1.27,54.68357127179846,25.252367092805997,2.5783603261386583
2026-09-07T15:38:41.865Z,420,59.4,-40.6,68.7,0.795,54.68359067005029,25.252661709341144,2.3417896669370974
2026-09-07T15:38:42.869Z,421,59.7,-40.3,68.7,0.779,54.68361215277909,25.252958967990335,2.806717235526396
2026-09-07T15:38:43.873Z,422,58.4,-41.6,68.8,1.09,54.683637828447,25.25325411869827,2.4743623964878765
2026-09-07T15:38:44.877Z,423,65.6,-34.4,69.3,1.283,54.683668997466484,25.253548786239733,2.167441760229769
2026-09-07T15:38:45.881Z,424,66.3,-33.7,69.6,0.631,54.683708155956275,25.25384070701952,2.058885209013157
2026-09-07T15:38:46.886Z,425,61,-39,69.7,0.456,54.68375190156927,25.25412974430718,2.665132303445376
2026-09-07T15:38:47.890Z,426,59.9,-40.1,69.5,0.192,54.6837947555693,25.254417287300875,2.2344880205048376
2026-09-07T15:38:48.894Z,427,59,-41,69.5,0.26,54.683841572137815,25.25470533982508,2.4428478680739967
2026-09-07T15:38:49.897Z,428,64.9,-35.1,69.2,0.516,54.683887717695754,25.254992276429988,2.848902363463948
2026-09-07T15:38:50.901Z,429,65.9,-34.1,68.9,0.319,54.683932029602055,25.255278248743714,2.2988162511441312
2026-09-07T15:38:51.906Z,430,62.4,-37.6,68.9,0.291,54.68398141576654,25.255562860882282,2.5810303478954926
2026-09-07T15:38:52.910Z,431,56.3,-43.7,69.3,0.298,54.68402670636206,25.255849522439373,2.2068386006339527
2026-09-07T15:38:53.913Z,432,62.1,-37.9,69.6,0.585,54.68407228731498,25.256139106360404,2.072492691342188
2026-09-07T15:38:54.918Z,433,60.4,-39.6,69.3,0.5,54.684114269281764,25.256426824851296,2.025540695603806
2026-09-07T15:38:55.921Z,434,63.9,-36.1,69.2,0.887,54.68414941545345,25.25672107507187,2.0089279370925506
2026-09-07T15:38:56.926Z,435,62.1,-37.9,68.7,0.641,54.684178156416436,25.257013401987525,2.0031154134229703
2026-09-07T15:38:57.929Z,436,57.8,-42.2,67.1,0.521,54.684199132623306,25.257297863002776,2.213653921199765
2026-09-07T15:38:58.934Z,437,59,-41,66.6,0.488,54.684209864250256,25.257586139836313,2.366595943044238
2026-09-07T15:38:59.939Z,438,56.7,-43.3,66.3,0.553,54.684218278863476,25.257872879800143,2.1346514049113656
2026-09-07T15:39:00.942Z,439,58.9,-41.1,65.9,0.962,54.684217845784545,25.258156596829203,2.049717082908167
2026-09-07T15:39:01.946Z,440,57.6,-42.4,64,0.425,54.684217673208295,25.25843278850804,2.397749366033452
2026-09-07T15:39:02.950Z,441,61.1,-38.9,62.1,0.552,54.68421496225951,25.25869714336853,2.2136755744275733
2026-09-07T15:39:03.955Z,442,57.6,-42.4,61.2,1.156,54.68421121132641,25.258958838723995,2.296592193798062
2026-09-07T15:39:04.959Z,443,62.5,-37.5,60.5,1.517,54.68420630097476,25.25921539607245,2.121728712580184
2026-09-07T15:39:05.962Z,444,63.5,-36.5,60.5,1.484,54.68421533779939,25.259478846658425,2.3062518412088253
2026-09-07T15:39:06.966Z,445,56.4,-43.6,59.9,1.396,54.68423490051334,25.259733629073665,2.125920164386194
2026-09-07T15:39:07.970Z,446,58,-42,59.2,2.08,54.68426789451715,25.259986554518857,2.6335697825016213
2026-09-07T15:39:08.975Z,447,59.1,-40.9,59.7,1.665,54.684310040053724,25.260236762085462,2.262385106838595
2026-09-07T15:39:09.979Z,448,57.3,-42.7,60.6,1.657,54.684365255107025,25.260483653107933,2.3610769816248665
2026-09-07T15:39:10.982Z,449,59.5,-40.5,61.4,1.182,54.68443336729906,25.260723630582113,2.5518198327658252
2026-09-07T15:39:11.986Z,450,59.1,-40.9,62.3,1.913,54.684516859583546,25.260950197967492,2.2486096688310213
2026-09-07T15:39:12.990Z,451,60.1,-39.9,62.8,1.582,54.68460596875565,25.261171390830718,2.099402925131225
2026-09-07T15:39:13.995Z,452,59,-41,63.4,1.369,54.68471028723316,25.261378491625276,2.0843392199277244
2026-09-07T15:39:14.998Z,453,59,-41,63.7,1.178,54.68482797282447,25.26156883327341,2.724875117968731
2026-09-07T15:39:16.002Z,454,54.7,-45.3,63.3,0.947,54.68495084018861,25.2617332786451,2.679866011487156
2026-09-07T15:39:17.070Z,455,59.2,-40.8,61.9,1.053,54.6850772002815,25.26187485976661,2.2721948173123243
2026-09-07T15:39:19.071Z,457,59.2,-40.8,61.9,1.053,54.6850772002815,25.26187485976661,2.2721948173123243
2026-09-07T15:39:21.071Z,459,59.2,-40.8,61.9,1.053,54.6850772002815,25.26187485976661,2.2721948173123243
2026-09-07T15:39:23.071Z,461,59.2,-40.8,61.9,1.053,54.6850772002815,25.26187485976661,2.2721948173123243
2026-09-07T15:39:25.071Z,463,59.2,-40.8,61.9,1.053,54.6850772002815,25.26187485976661,2.2721948173123243
2026-09-07T15:39:27.070Z,465,59.2,-40.8,61.9,1.053,54.6850772002815,25.26187485976661,2.2721948173123243
2026-09-07T15:39:29.071Z,467,59.2,-40.8,61.9,1.053,54.6850772002815,25.26187485976661,2.2721948173123243
2026-09-07T15:39:31.071Z,469,59.2,-40.8,61.9,1.053,54.6850772002815,25.26187485976661,2.2721948173123243
2026-09-07T15:39:33.071Z,471,59.2,-40.8,61.9,1.053,54.6850772002815,25.26187485976661,2.2721948173123243
2026-09-07T15:39:35.071Z,473,59.2,-40.8,61.9,1.053,54.6850772002815,25.26187485976661,2.2721948173123243
2026-09-07T15:39:37.071Z,475,59.2,-40.8,61.9,1.053,54.6850772002815,25.26187485976661,2.2721948173123243
2026-09-07T15:39:39.072Z,477,59.2,-40.8,61.9,1.053,54.6850772002815,25.26187485976661,2.2721948173123243
2026-09-07T15:39:41.072Z,479,59.2,-40.8,61.9,1.053,54.6850772002815,25.26187485976661,2.2721948173123243
2026-09-07T15:39:43.072Z,481,59.2,-40.8,61.9,1.053,54.6850772002815,25.26187485976661,2.2721948173123243
2026-09-07T15:39:45.072Z,483,59.2,-40.8,61.9,1.053,54.6850772002815,25.26187485976661,2.2721948173123243
2026-09-07T15:39:47.072Z,485,59.2,-40.8,61.9,1.053,54.6850772002815,25.26187485976661,2.2721948173123243
2026-09-07T15:39:49.072Z,487,59.2,-40.8,61.9,1.053,54.6850772002815,25.26187485976661,2.2721948173123243
2026-09-07T15:39:51.072Z,489,59.2,-40.8,61.9,1.053,54.6850772002815,25.26187485976661,2.2721948173123243
2026-09-07T15:39:53.072Z,491,59.2,-40.8,61.9,1.053,54.6850772002815,25.26187485976661,2.2721948173123243
2026-09-07T15:39:55.072Z,493,59.2,-40.8,61.9,1.053,54.6850772002815,25.26187485976661,2.2721948173123243
2026-09-07T15:39:57.072Z,495,59.2,-40.8,61.9,1.053,54.6850772002815,25.26187485976661,2.2721948173123243
2026-09-07T15:39:59.072Z,497,59.2,-40.8,61.9,1.053,54.6850772002815,25.26187485976661,2.2721948173123243
2026-09-07T15:40:01.072Z,499,59.2,-40.8,61.9,1.053,54.6850772002815,25.26187485976661,2.2721948173123243
2026-09-07T15:40:03.072Z,501,59.2,-40.8,61.9,1.053,54.6850772002815,25.26187485976661,2.2721948173123243
2026-09-07T15:40:05.072Z,503,59.2,-40.8,61.9,1.053,54.6850772002815,25.26187485976661,2.2721948173123243
2026-09-07T15:40:07.072Z,505,59.2,-40.8,61.9,1.053,54.6850772002815,25.26187485976661,2.2721948173123243
2026-09-07T15:40:09.072Z,507,59.2,-40.8,61.9,1.053,54.6850772002815,25.26187485976661,2.2721948173123243
2026-09-07T15:40:11.072Z,509,59.2,-40.8,61.9,1.053,54.6850772002815,25.26187485976661,2.2721948173123243
2026-09-07T15:40:13.073Z,511,59.2,-40.8,61.9,1.053,54.6850772002815,25.26187485976661,2.2721948173123243
2026-09-07T15:40:15.073Z,513,59.2,-40.8,61.9,1.053,54.6850772002815,25.26187485976661,2.2721948173123243
2026-09-07T15:40:17.073Z,515,59.2,-40.8,61.9,1.053,54.6850772002815,25.26187485976661,2.2721948173123243
2026-09-07T15:40:19.073Z,517,59.2,-40.8,61.9,1.053,54.6850772002815,25.26187485976661,2.2721948173123243
2026-09-07T15:40:21.073Z,519,59.2,-40.8,61.9,1.053,54.6850772002815,25.26187485976661,2.2721948173123243
2026-09-07T15:40:23.073Z,521,59.2,-40.8,61.9,1.053,54.6850772002815,25.26187485976661,2.2721948173123243
2026-09-07T15:40:25.073Z,523,59.2,-40.8,61.9,1.053,54.6850772002815,25.26187485976661,2.2721948173123243
2026-09-07T15:40:27.073Z,525,59.2,-40.8,61.9,1.053,54.6850772002815,25.26187485976661,2.2721948173123243
2026-09-07T15:40:29.073Z,527,59.2,-40.8,61.9,1.053,54.6850772002815,25.26187485976661,2.2721948173123243
2026-09-07T15:40:31.073Z,529,59.2,-40.8,61.9,1.053,54.6850772002815,25.26187485976661,2.2721948173123243
2026-09-07T15:40:33.073Z,531,59.2,-40.8,61.9,1.053,54.6850772002815,25.26187485976661,2.2721948173123243
2026-09-07T15:40:35.073Z,533,59.2,-40.8,61.9,1.053,54.6850772002815,25.26187485976661,2.2721948173123243
2026-09-07T15:40:37.073Z,535,59.2,-40.8,61.9,1.053,54.6850772002815,25.26187485976661,2.2721948173123243
2026-09-07T15:40:39.073Z,537,59.2,-40.8,61.9,1.053,54.6850772002815,25.26187485976661,2.2721948173123243
2026-09-07T15:40:41.073Z,539,59.2,-40.8,61.9,1.053,54.6850772002815,25.26187485976661,2.2721948173123243
2026-09-07T15:40:43.073Z,541,59.2,-40.8,61.9,1.053,54.6850772002815,25.26187485976661,2.2721948173123243
2026-09-07T15:40:45.073Z,543,59.2,-40.8,61.9,1.053,54.6850772002815,25.26187485976661,2.2721948173123243
2026-09-07T15:40:47.073Z,545,59.2,-40.8,61.9,1.053,54.6850772002815,25.26187485976661,2.2721948173123243
2026-09-07T15:40:49.074Z,547,59.2,-40.8,61.9,1.053,54.6850772002815,25.26187485976661,2.2721948173123243
2026-09-07T15:40:51.074Z,549,59.2,-40.8,61.9,1.053,54.6850772002815,25.26187485976661,2.2721948173123243
2026-09-07T15:40:52.219Z,551,59.2,-40.8,61.9,1.053,54.6850772002815,25.26187485976661,2.2721948173123243
2026-09-07T15:40:53.222Z,552,55.6,-44.4,,1.397,54.696244940875204,25.263869877366766,168.86160782331586
2026-09-07T15:40:54.225Z,553,58.3,-41.7,27.8,3.969,54.698107140189684,25.26409015061824,31.64896796006503
2026-09-07T15:40:55.229Z,554,56.8,-43.2,27.8,0.841,54.6979110874745,25.263916393765495,14
2026-09-07T15:40:56.233Z,555,55.8,-44.2,19.9,0.471,54.69796783295897,25.263805668824595,14
2026-09-07T15:40:57.237Z,556,56.7,-43.3,19.3,1.111,54.69799771444378,25.26376434604196,14
2026-09-07T15:40:58.242Z,557,60,-40,19.3,1.009,54.69799771444378,25.26376434604196,14
2026-09-07T15:40:59.246Z,558,60.7,-39.3,29.7,0.78,54.69811082822708,25.263734674104732,3.566005425090492
2026-09-07T15:41:00.249Z,559,58.6,-41.4,29.7,0.394,54.69818789982674,25.26373308154313,3.5355339059327373
2026-09-07T15:41:01.254Z,560,55.2,-44.8,31.4,1.491,54.698274568705536,25.26373752395181,3.5355339059327373
2026-09-07T15:41:02.257Z,561,62.2,-37.8,31.8,2.706,54.698355621709204,25.263724196725768,3.5355339059327373
2026-09-07T15:41:03.262Z,562,57.4,-42.6,32.3,0.891,54.69843420205144,25.263715898641628,3.5355339059327373
2026-09-07T15:41:04.266Z,563,55.3,-44.7,32.3,0.786,54.698502724109865,25.263700978853983,3.5355339059327373
2026-09-07T15:41:05.270Z,564,63.4,-36.6,29.7,0.274,54.69857472465811,25.263685472333115,3.5355339059327373
2026-09-07T15:41:06.274Z,565,57.6,-42.4,29.7,1.052,54.69864851738562,25.263672133742894,4.748651530192637
2026-09-07T15:41:07.277Z,566,65.5,-34.5,29.7,0.638,54.698732470530004,25.263658890176497,4.748651530192637
2026-09-07T15:41:08.282Z,567,60.8,-39.2,33,0.329,54.69882815748855,25.263648763866694,4.748651530192841
2026-09-07T15:41:09.286Z,568,56,-44,36.7,0.585,54.698927685311865,25.26363061565219,4.748651530193098
2026-09-07T15:41:10.290Z,569,57.8,-42.2,36.7,0.385,54.699012125637026,25.263616153756747,4.748651530193097
2026-09-07T15:41:11.294Z,570,58.1,-41.9,35.4,0.286,54.69909494163309,25.263601485372817,4.7486515301929995
2026-09-07T15:41:12.298Z,571,58.6,-41.4,34.3,0.543,54.699172274282546,25.263594420109204,4.748651530192927
2026-09-07T15:41:13.302Z,572,58.5,-41.5,31.4,0.786,54.69922812902297,25.263599739937973,4.7486515301927374
2026-09-07T15:41:14.306Z,573,55.7,-44.3,27.6,0.264,54.699295063827975,25.26358157131338,4.7486515301925145
2026-09-07T15:41:15.310Z,574,54.9,-45.1,27.6,0.342,54.69936079551224,25.26357045278663,4.7486515301925145
2026-09-07T15:41:16.314Z,575,51.9,-48.1,26,0.583,54.69941841110246,25.26355628535938,4.748651530192431
2026-09-07T15:41:17.318Z,576,52.4,-47.6,26,0.476,54.69948407172673,25.26355265031754,4.748651530192431
2026-09-07T15:41:18.322Z,577,54.7,-45.3,24.3,0.54,54.69953904216734,25.263547575961788,4.748651530192347
2026-09-07T15:41:19.326Z,578,59.3,-40.7,24.3,0.312,54.699590840970494,25.263539361887148,4.748651530192347
2026-09-07T15:41:20.330Z,579,53.7,-46.3,24.3,0.994,54.699590840970494,25.263539361887148,4.748651530192347
2026-09-07T15:41:21.334Z,580,53.2,-46.8,20.4,0.639,54.69968535241079,25.263524309132286,4.748651530192176
2026-09-07T15:41:22.339Z,581,50.9,-49.1,19.4,0.279,54.699729730357404,25.263516046549878,4.7486515301921335
2026-09-07T15:41:23.342Z,582,51.8,-48.2,19.4,0.532,54.69977081910902,25.263510339489706,4.7486515301921335
2026-09-07T15:41:24.346Z,583,54.7,-45.3,15.6,0.375,54.699802107981206,25.263507922906022,4.748651530192003
2026-09-07T15:41:25.350Z,584,53,-47,15.6,0.11,54.69984221542309,25.263503648127568,4.748651530192004
2026-09-07T15:41:26.355Z,585,47.3,-52.7,13.3,0.694,54.699869864149164,25.26348858180322,2.6023892941433675
2026-09-07T15:41:27.359Z,586,54.7,-45.3,12.6,1.129,54.69989891947498,25.263487045842787,2.140405105458741
2026-09-07T15:41:28.362Z,587,48.4,-51.6,9.3,0.355,54.6999142229472,25.263483706627124,2.0830066588721885
2026-09-07T15:41:29.366Z,588,48.4,-51.6,4.5,0.218,54.69990673199057,25.263487029299547,1.9999999752764563
2026-09-07T15:41:30.370Z,589,48.5,-51.5,4.5,0.818,54.69990673199057,25.263487029299547,1.9999999752764563
2026-09-07T15:41:31.375Z,590,53.4,-46.6,4.5,0.818,54.69990673199057,25.263487029299547,1.9999999752764563
2026-09-07T15:41:32.378Z,591,55.8,-44.2,0.8,0.506,54.69990176386383,25.263499835236757,2.292290575117003
2026-09-07T15:41:33.383Z,592,48.4,-51.6,1.1,0.326,54.699901695301854,25.263502880254613,2.2505347754594105
2026-09-07T15:41:34.386Z,593,45.9,-54.1,1.1,0.326,54.699901695301854,25.263502880254613,2.2505347754594105
2026-09-07T15:41:35.390Z,594,47.2,-52.8,1.1,0.326,54.699901695301854,25.263502880254613,2.2505347754594105
2026-09-07T15:41:36.395Z,595,49.4,-50.6,0.1,0.258,54.69989505574441,25.26349240956641,2.816288388030483
2026-09-07T15:41:37.398Z,596,47.8,-52.2,0.1,0.189,54.69989547582363,25.263491301196783,2.742080352649512
2026-09-07T15:41:38.403Z,597,49.9,-50.1,0,0.459,54.6998992282649,25.263495894862768,2.68024032429957
2026-09-07T15:41:39.407Z,598,48.5,-51.5,0,0.733,54.6998992282649,25.263495894862768,2.68024032429957
2026-09-07T15:41:40.410Z,599,50,-50,0,0.733,54.6998992282649,25.263495894862768,2.68024032429957
2026-09-07T15:41:41.415Z,600,50.3,-49.7,0,0.733,54.6998992282649,25.263495894862768,2.68024032429957
2026-09-07T15:41:42.418Z,601,58.6,-41.4,0,0.733,54.6998992282649,25.263495894862768,2.68024032429957
2026-09-07T15:41:43.423Z,602,56.9,-43.1,0,0.733,54.6998992282649,25.263495894862768,2.68024032429957
2026-09-07T15:41:44.427Z,603,51.6,-48.4,0,0.733,54.6998992282649,25.263495894862768,2.68024032429957
2026-09-07T15:41:45.431Z,604,52.1,-47.9,0,0.733,54.6998992282649,25.263495894862768,2.68024032429957
2026-09-07T15:41:46.435Z,605,51.8,-48.2,15.4,0.559,54.70011179126632,25.263451136666827,2.4284676223534953
2026-09-07T15:41:47.439Z,606,57,-43,14.1,0.3,54.70014372332785,25.26344591283651,2.410539586524462
2026-09-07T15:41:48.444Z,607,55.5,-44.5,12.7,0.613,54.70017311612198,25.26344200911819,2.404053652999881
2026-09-07T15:41:49.448Z,608,49.6,-50.4,11.8,0.398,54.70020175717305,25.26343480859203,2.3838509799862506
2026-09-07T15:41:50.451Z,609,44.2,-55.8,10.4,0.144,54.700225272257,25.263431663585187,2.3646584382800677
2026-09-07T15:41:51.455Z,610,51.1,-48.9,9.6,0.289,54.70024727218277,25.263426569645265,2.3464255143118122
2026-09-07T15:41:52.459Z,611,56.4,-43.6,10.1,0.584,54.700271341651955,25.263423292898274,2.3490442753128944
2026-09-07T15:41:53.463Z,612,71.1,-28.9,9.9,3.278,54.70029577620802,25.263419719916815,2.3315920525764606
2026-09-07T15:41:54.467Z,613,53.4,-46.6,9.4,0.404,54.70031925817147,25.263414327534026,2.315012435989591
2026-09-07T15:41:55.471Z,614,51.1,-48.9,7.8,0.54,54.70033678169059,25.2634107790102,2.314830597400633
2026-09-07T15:41:56.476Z,615,45.8,-54.2,8.2,0.779,54.70035598938382,25.26340922761936,2.358419551431235
2026-09-07T15:41:57.479Z,616,47.8,-52.2,8.3,0.314,54.700376163160534,25.263404842655703,2.3404985556317808
2026-09-07T15:41:58.483Z,617,46.3,-53.7,10.1,0.387,54.700406777038125,25.263405699094474,2.4078311359723794
2026-09-07T15:41:59.487Z,618,53.1,-46.9,11.7,0.175,54.70044209003264,25.26339458132429,2.4103061397461363
2026-09-07T15:42:00.492Z,619,50.5,-49.5,10.9,0.235,54.70046854469427,25.263389176372904,2.400828782007669
2026-09-07T15:42:01.496Z,620,53.3,-46.7,10.9,0.963,54.70046854469427,25.263389176372904,2.400828782007669
2026-09-07T15:42:02.499Z,621,50.5,-49.5,10.9,0.963,54.70046854469427,25.263389176372904,2.400828782007669
2026-09-07T15:42:03.503Z,622,56.1,-43.9,10.9,0.963,54.70046854469427,25.263389176372904,2.400828782007669
2026-09-07T15:42:04.507Z,623,58.9,-41.1,10.9,0.963,54.70046854469427,25.263389176372904,2.400828782007669
2026-09-07T15:42:05.512Z,624,58.9,-41.1,10.9,0.963,54.70046854469427,25.263389176372904,2.400828782007669
2026-09-07T15:42:06.516Z,625,57.2,-42.8,10.9,0.963,54.70046854469427,25.263389176372904,2.400828782007669
2026-09-07T15:42:07.520Z,626,59.2,-40.8,10.9,0.963,54.70046854469427,25.263389176372904,2.400828782007669
2026-09-07T15:42:08.523Z,627,63.7,-36.3,10.9,0.963,54.70046854469427,25.263389176372904,2.400828782007669
2026-09-07T15:42:09.527Z,628,59.7,-40.3,10.9,0.963,54.70046854469427,25.263389176372904,2.400828782007669
2026-09-07T15:42:10.531Z,629,58.9,-41.1,10.9,0.963,54.70046854469427,25.263389176372904,2.400828782007669
2026-09-07T15:42:11.536Z,630,58.8,-41.2,10.9,0.963,54.70046854469427,25.263389176372904,2.400828782007669
2026-09-07T15:42:12.539Z,631,57.1,-42.9,10.9,0.963,54.70046854469427,25.263389176372904,2.400828782007669
2026-09-07T15:42:13.543Z,632,62.6,-37.4,10.9,0.963,54.70046854469427,25.263389176372904,2.400828782007669
2026-09-07T15:42:14.548Z,633,59.3,-40.7,10.9,0.963,54.70046854469427,25.263389176372904,2.400828782007669
2026-09-07T15:42:15.551Z,634,61.3,-38.7,10.9,0.963,54.70046854469427,25.263389176372904,2.400828782007669
2026-09-07T15:42:16.556Z,635,54.3,-45.7,10.9,0.963,54.70046854469427,25.263389176372904,2.400828782007669
2026-09-07T15:42:17.560Z,636,54.6,-45.4,26.3,0.915,54.70146222147829,25.26325659866765,2.073315495132455
2026-09-07T15:42:18.564Z,637,53.2,-46.8,25.2,0.573,54.70152176124038,25.26324503686531,3.5222216151352694
2026-09-07T15:42:19.568Z,638,54.7,-45.3,24.6,1.094,54.7015805863523,25.263227788634243,3.4854153776492853
2026-09-07T15:42:20.571Z,639,56.2,-43.8,23.6,1.389,54.70163811600376,25.26320735625213,3.957608740038348
2026-09-07T15:42:21.576Z,640,49.3,-50.7,21.9,0.904,54.701688060014455,25.263197256681384,4.074758977145284
2026-09-07T15:42:22.580Z,641,56.6,-43.4,20.1,1.124,54.7017333533905,25.26320482544603,3.8243101319652304
2026-09-07T15:42:23.584Z,642,55.8,-44.2,19,1.022,54.70177524253,25.263231638894062,3.7236686198997755
2026-09-07T15:42:24.588Z,643,59.7,-40.3,17.5,0.78,54.70180661778509,25.263272108340864,3.63788040333948
2026-09-07T15:42:25.592Z,644,56.3,-43.7,18.9,0.873,54.70184631133922,25.26333627605163,3.455893654060061
2026-09-07T15:42:26.596Z,645,58.1,-41.9,21,0.885,54.701885616964745,25.263398654521183,3.31030427787532
2026-09-07T15:42:27.600Z,646,57.8,-42.2,24.5,1.09,54.70193283999209,25.263472339333674,3.1888792407494995
2026-09-07T15:42:28.604Z,647,58.9,-41.1,24.5,1.001,54.70193283999209,25.263472339333674,3.1888792407494995
2026-09-07T15:42:29.609Z,648,57.7,-42.3,30.6,0.944,54.70204634676733,25.26365825917893,3.2165012557899315
2026-09-07T15:42:30.612Z,649,52.8,-47.2,33.6,0.563,54.70211362758333,25.26376564756536,2.8170596142781967
2026-09-07T15:42:31.616Z,650,55.3,-44.7,35.7,0.367,54.70218481718366,25.26387522773755,2.493363160179076
2026-09-07T15:42:32.620Z,651,55.5,-44.5,36,0.648,54.70225284750964,25.26398429056661,2.8393343245380183
2026-09-07T15:42:33.624Z,652,62.2,-37.8,36.2,0.285,54.7023207866375,25.264093042590307,2.475831973452334
2026-09-07T15:42:34.628Z,653,60,-40,35.6,0.388,54.7023833147093,25.264200793198032,2.8961776101312515
2026-09-07T15:42:35.632Z,654,59.1,-40.9,34.5,1.361,54.70243970496507,25.264304823581718,2.6826787499055507
2026-09-07T15:42:36.636Z,655,58.5,-41.5,33.2,1.925,54.702496600767184,25.264407854991926,2.6929636349472386
2026-09-07T15:42:37.640Z,656,56.5,-43.5,33.2,2.025,54.702496600767184,25.264407854991926,2.6929636349472386
2026-09-07T15:42:38.645Z,657,52.2,-47.8,23.6,1.203,54.70257624697689,25.264545333595674,2.3235353401860968
2026-09-07T15:42:39.648Z,658,48.8,-51.2,18.8,1.269,54.702601031661665,25.264590951813066,2.2588282749073914
2026-09-07T15:42:40.652Z,659,49.7,-50.3,15.6,1.067,54.70262268499032,25.26463220309797,2.2336807906297467
2026-09-07T15:42:41.656Z,660,44.5,-55.5,11.5,0.45,54.702635689203255,25.264658672739987,2.200297834828786
2026-09-07T15:42:42.660Z,661,45.8,-54.2,7.1,0.461,54.70264024686482,25.264668689804243,2.1752606336143048
2026-09-07T15:42:43.665Z,662,48.5,-51.5,4.1,0.614,54.70264288825113,25.26467296484429,2.1557872394334385
2026-09-07T15:42:44.668Z,663,47.5,-52.5,2,0.204,54.70264398561307,25.2646715894309,2.154350240601146
2026-09-07T15:42:45.672Z,664,49.1,-50.9,0,1.132,54.70264170152916,25.264669424555194,2.140318416813526
2026-09-07T15:42:46.676Z,665,45.4,-54.6,0,1.008,54.70264170152916,25.264669424555194,2.140318416813526
2026-09-07T15:42:47.681Z,666,46.8,-53.2,0.1,0.518,54.70264281953149,25.264671221330477,2.1291147448736765
2026-09-07T15:42:48.685Z,667,43.9,-56.1,0,0.595,54.70264275325812,25.264670992900793,2.1198922638464865
2026-09-07T15:42:49.689Z,668,50.9,-49.1,0.1,0.214,54.70264020330606,25.26467395452021,2.1994146312423757
2026-09-07T15:42:50.693Z,669,48.7,-51.3,0,0.278,54.70264052031401,25.264674914706106,2.2241434667741444
2026-09-07T15:42:51.696Z,670,46.8,-53.2,0,0.395,54.70264052031401,25.264674914706106,2.250869129186793
2026-09-07T15:42:52.701Z,671,45.4,-54.6,0,0.804,54.70264052031401,25.264674914706106,2.236931955343082
2026-09-07T15:42:53.705Z,672,47.1,-52.9,0.1,1.506,54.70263983543943,25.264678128753793,2.2244618519558927
2026-09-07T15:42:54.708Z,673,50.4,-49.6,0.2,1.282,54.70264047892763,25.264678776691113,2.213238759268228
2026-09-07T15:42:55.713Z,674,49.2,-50.8,0.3,0.146,54.70263917781019,25.264679094318012,2.2025768213233596
2026-09-07T15:42:56.717Z,675,48.9,-51.1,0.5,4.272,54.702640486472454,25.264678669946658,2.192447979967185
2026-09-07T15:42:57.721Z,676,52,-48,0.2,0.642,54.70263789036004,25.26467682304616,2.1860919244221
2026-09-07T15:42:58.725Z,677,46.3,-53.7,0,2.629,54.70263668168759,25.26467572975037,2.182853388179385
2026-09-07T15:42:59.729Z,678,44.6,-55.4,0.2,0.471,54.7026368164315,25.264673962100524,2.1891138602465294
2026-09-07T15:43:00.733Z,679,50.3,-49.7,0.3,0.631,54.702634527382806,25.264675829038797,2.192844370475242
2026-09-07T15:43:01.737Z,680,45.4,-54.6,0.3,0.877,54.702635161454104,25.264675697283305,2.2033237713329488
2026-09-07T15:43:02.741Z,681,43.8,-56.2,0.4,0.227,54.702636143997644,25.26467733380492,2.244064429331034
2026-09-07T15:43:03.745Z,682,45.3,-54.7,0.2,0.495,54.70263690296293,25.264674891278712,2.2849254191166963
2026-09-07T15:43:04.749Z,683,45.7,-54.3,0.2,0.495,54.70263690296293,25.264674891278712,2.2849254191166963
2026-09-07T15:43:05.754Z,684,49.6,-50.4,0.2,0.495,54.70263690296293,25.264674891278712,2.2849254191166963
2026-09-07T15:43:06.757Z,685,47.4,-52.6,0,1.634,54.70263668333967,25.264674552551547,2.329989387209976
2026-09-07T15:43:07.761Z,686,48.6,-51.4,0.2,3.253,54.70263928891119,25.26467579312863,2.348241290623879
2026-09-07T15:43:08.765Z,687,50.6,-49.4,0.2,0.695,54.70263991287377,25.264674922764772,2.3429429642279334
2026-09-07T15:43:09.769Z,688,46,-54,0.5,0.048,54.702644455004716,25.2646710908487,2.3742410699952576
2026-09-07T15:43:10.774Z,689,44.5,-55.5,0.4,0.054,54.7026425364871,25.264670867164774,2.500170134695714
2026-09-07T15:43:11.777Z,690,49.4,-50.6,0.3,0.049,54.70264244489937,25.26466671518821,2.5294989418950045
2026-09-07T15:43:12.781Z,691,49.2,-50.8,0,0.035,54.7026420181909,25.2646660960932,2.5243181750431756
2026-09-07T15:43:13.785Z,692,45.7,-54.3,0,0.015,54.7026420181909,25.2646660960932,2.5406973312970806
2026-09-07T15:43:14.790Z,693,46.7,-53.3,0,0.016,54.7026420181909,25.2646660960932,2.5558933249334883
2026-09-07T15:43:15.794Z,694,45,-55,0,0.024,54.7026420181909,25.2646660960932,2.584180356707591
2026-09-07T15:43:16.797Z,695,46.6,-53.4,0,0.03,54.7026420181909,25.2646660960932,2.5549713388722117
2026-09-07T15:43:17.801Z,696,47,-53,0,0.16,54.7026420181909,25.2646660960932,2.5726157180738434
2026-09-07T15:43:18.806Z,697,49,-51,0,0.022,54.7026420181909,25.2646660960932,2.565555697570682
2026-09-07T15:43:19.810Z,698,60.6,-39.4,0,2.955,54.7026420181909,25.2646660960932,2.559461325709541
2026-09-07T15:43:20.815Z,699,49.2,-50.8,0,0.574,54.7026420181909,25.2646660960932,2.5628216021469177
2026-09-07T15:43:21.818Z,700,49.6,-50.4,0,1.565,54.70263535958543,25.264668584747305,2.5643150862231745
2026-09-07T15:43:22.822Z,701,58.6,-41.4,0,1.87,54.70263521957623,25.264668424047144,2.573309382328616
2026-09-07T15:43:23.826Z,702,60.7,-39.3,0,2.178,54.70263521957623,25.264668424047144,2.554059732158942
2026-09-07T15:43:24.830Z,703,52.7,-47.3,0,1.213,54.70263521957623,25.264668424047144,2.526356745550995
2026-09-07T15:43:25.835Z,704,52.6,-47.4,17.1,1.66,54.702713976261315,25.264795261088533,2.4844628424840685
2026-09-07T15:43:26.838Z,705,61.9,-38.1,17.1,1.66,54.702713976261315,25.264795261088533,2.4844628424840685
2026-09-07T15:43:27.843Z,706,58.3,-41.7,27.1,0.625,54.702820304001136,25.264971964987023,2.5775112167424687
2026-09-07T15:43:28.846Z,707,63.5,-36.5,30.5,0.734,54.70288077768313,25.265071779679594,2.7265186712032183
2026-09-07T15:43:29.850Z,708,58.5,-41.5,30.5,0.564,54.70288077768313,25.265071779679594,2.7265186712032183
2026-09-07T15:43:30.854Z,709,63.2,-36.8,35.4,1.111,54.70301220249247,25.265291400630506,3.0488042145828724
2026-09-07T15:43:31.859Z,710,56.2,-43.8,37,0.328,54.70308158502222,25.265406832475705,3.222396495096335
2026-09-07T15:43:32.863Z,711,54.2,-45.8,39,0.182,54.70315376632813,25.265527080824658,3.020467142235479
2026-09-07T15:43:33.867Z,712,64,-36,40.9,0.439,54.703228508112204,25.265654896725202,2.997350467366384
2026-09-07T15:43:34.870Z,713,60.8,-39.2,41.4,0.756,54.703304294045886,25.265779222759,3.130866919024975
2026-09-07T15:43:35.875Z,714,55.6,-44.4,42.8,1.012,54.70338308948221,25.265910356769155,2.787226919876985
2026-09-07T15:43:36.879Z,715,58.7,-41.3,44.6,1.335,54.70346597020101,25.266042941322933,2.5657343920257603
2026-09-07T15:43:37.883Z,716,57.8,-42.2,44.9,1.412,54.703553497498355,25.266169418937515,2.2867022161971544
2026-09-07T15:43:38.886Z,717,62.8,-37.2,43.4,1.821,54.70362358050992,25.26630075211606,2.147796274704408
2026-09-07T15:43:39.890Z,718,57.8,-42.2,40.2,2.237,54.703685359926055,25.26641608107379,6.64688427865137
2026-09-07T15:43:40.895Z,719,57.7,-42.3,39.2,1.494,54.7038198668265,25.266392449732674,2.169836812554792
2026-09-07T15:43:41.899Z,720,61,-39,40.7,0.718,54.7039229168102,25.26640279647462,2.6184028970797204
2026-09-07T15:43:42.903Z,721,59.6,-40.4,43.4,0.801,54.70403396101893,25.266397292668405,2.348343162256869
2026-09-07T15:43:43.907Z,722,65.5,-34.5,45.6,0.829,54.70414604875027,25.266399730429594,2.1831452831856004
2026-09-07T15:43:44.911Z,723,59.2,-40.8,48.5,0.639,54.704266757068126,25.26640547773465,2.2494792072160235
2026-09-07T15:43:45.915Z,724,61.6,-38.4,52.1,1.369,54.70439909293549,25.266414691312317,2.394954620062932
2026-09-07T15:43:46.919Z,725,60.7,-39.3,55.6,0.855,54.70453911580532,25.26642817036474,2.1828517586809655
2026-09-07T15:43:47.923Z,726,64,-36,59.6,1.075,54.70468885631183,25.266444074719924,2.5571845738494487
2026-09-07T15:43:48.928Z,727,58.6,-41.4,64.4,0.697,54.7048519277144,25.266462501617557,2.7621039257075917
2026-09-07T15:43:49.931Z,728,65.1,-34.9,68.5,1.991,54.705023172664696,25.2664879013062,3.2324546974497514
2026-09-07T15:43:50.935Z,729,59.4,-40.6,70.7,1.411,54.70520257904028,25.26651635276348,2.583453614289178
2026-09-07T15:43:51.939Z,730,63,-37,71.9,1.267,54.70538032792848,25.266566720735458,2.380267733215435
2026-09-07T15:43:52.944Z,731,61.8,-38.2,73.3,0.916,54.705558676549146,25.266640172131346,2.360075570202443
2026-09-07T15:43:53.947Z,732,62.3,-37.7,74.3,0.793,54.705735909475486,25.266724376035164,3.1872876009793263
2026-09-07T15:43:54.951Z,733,64.2,-35.8,73.9,0.504,54.70591330136015,25.266811652691782,3.0986524342826085
2026-09-07T15:43:55.956Z,734,60,-40,73.9,1.084,54.70608720910872,25.266911584692334,3.1449007325677254
2026-09-07T15:43:56.959Z,735,58.6,-41.4,74.2,0.586,54.70626167308222,25.26701897625334,3.735524362877995
2026-09-07T15:43:57.964Z,736,64.4,-35.6,73.6,1.009,54.706436295813326,25.267122226256674,3.16090539840573
2026-09-07T15:43:58.968Z,737,59.7,-40.3,72.8,0.986,54.706609075610096,25.26722518307198,3.9708689166228317
2026-09-07T15:43:59.971Z,738,64.8,-35.2,71.1,0.667,54.70677538249412,25.267326964159828,3.9949139918445558
2026-09-07T15:44:00.976Z,739,63.6,-36.4,70.5,0.432,54.706942006000844,25.267431360341412,3.2075475508979925
2026-09-07T15:44:01.979Z,740,59,-41,71.5,0.677,54.70710918275389,25.267538209364123,2.4141594224831495
2026-09-07T15:44:02.984Z,741,59,-41,73.1,0.333,54.70728147284145,25.267644932244895,2.2759456547047283
2026-09-07T15:44:03.987Z,742,61.5,-38.5,75.2,0.642,54.70746128912102,25.26775388508761,2.8049005276193313
2026-09-07T15:44:04.992Z,743,57.4,-42.6,77.8,0.344,54.7076449598902,25.267866660178306,2.7112694808485744
2026-09-07T15:44:05.996Z,744,61.9,-38.1,80,0.328,54.70783515087139,25.26798548260703,3.1394144383275404
2026-09-07T15:44:06.999Z,745,61.6,-38.4,80.7,0.436,54.70802612035207,25.26810347028419,2.771823611760837
2026-09-07T15:44:08.004Z,746,60.8,-39.2,80.3,0.264,54.70821461386644,25.268220707014923,2.2127362974774734
2026-09-07T15:44:09.007Z,747,63.3,-36.7,80.4,0.361,54.70840457433428,25.268334280913987,2.940401525305738
2026-09-07T15:44:10.012Z,748,61.6,-38.4,81.4,0.422,54.708595340838286,25.26845152294112,2.5537180657425766
2026-09-07T15:44:11.016Z,749,60.4,-39.6,83.1,0.135,54.708792495802996,25.268572716722193,2.9809556192583835
2026-09-07T15:44:12.020Z,750,65.3,-34.7,83.9,0.418,54.70898983292845,25.268696329386373,3.8321838773174033
2026-09-07T15:44:13.024Z,751,60.7,-39.3,84.8,0.39,54.70918922301314,25.26881945583236,2.9160920237546386
2026-09-07T15:44:14.028Z,752,56.3,-43.7,84.8,0.378,54.70938944345112,25.26894099334807,2.529253936452243
2026-09-07T15:44:15.032Z,753,60.6,-39.4,84.7,0.161,54.70958969357562,25.269064119791185,3.0313824708057884
2026-09-07T15:44:16.036Z,754,60.1,-39.9,84.4,0.267,54.709787184909196,25.269186509328993,3.2398994156341048
2026-09-07T15:44:17.040Z,755,60.5,-39.5,84.8,0.396,54.70998621652512,25.26930862228498,2.619949711527752
2026-09-07T15:44:18.044Z,756,58.5,-41.5,85.7,0.206,54.71038911214546,25.26954995313523,2.9513817050878295
2026-09-07T15:44:19.048Z,757,56.3,-43.7,86.5,0.44,54.710594596638096,25.269665907399045,2.6638944730233387
2026-09-07T15:44:20.052Z,758,64.3,-35.7,86.6,0.973,54.71080007099359,25.269776231164652,2.4407146573941714
2026-09-07T15:44:21.056Z,759,58.5,-41.5,88.7,0.583,54.711014250520584,25.269883543425127,3.003603508986923
2026-09-07T15:44:22.061Z,760,62.6,-37.4,88.1,1.071,54.71122565056092,25.269985104614463,2.8931056505402286
2026-09-07T15:44:23.064Z,761,61.5,-38.5,86.4,0.694,54.71143349429855,25.270078035493434,2.280756549591421
2026-09-07T15:44:24.068Z,762,62.6,-37.4,84.5,0.789,54.71163655408766,25.27016351218558,2.1403780526494485
2026-09-07T15:44:25.072Z,763,62.8,-37.2,83.7,1.068,54.71183911240297,25.270241460318978,2.225870397314249
2026-09-07T15:44:26.077Z,764,67.7,-32.3,83.1,0.497,54.71204135283812,25.27031515331615,2.304654778792284
2026-09-07T15:44:27.080Z,765,62.6,-37.4,82.4,0.361,54.712242524695114,25.270384441259917,2.0789227716351792
2026-09-07T15:44:28.084Z,766,64,-36,83,0.157,54.71244555028843,25.27045020924727,2.2082823581509343
2026-09-07T15:44:29.089Z,767,58.8,-41.2,83.6,0.192,54.71265199865882,25.270510405010537,2.552872250553393
2026-09-07T15:44:30.092Z,768,64.5,-35.5,84.1,1.082,54.71286033029079,25.27056295790845,2.4394183646879406
2026-09-07T15:44:31.097Z,769,69.6,-30.4,84.5,0.813,54.71306893087353,25.270605262479943,3.193796513653846
2026-09-07T15:44:32.101Z,770,63.6,-36.4,85.5,0.366,54.71328183633431,25.270642803828085,4.220589129556828
2026-09-07T15:44:33.104Z,771,60.8,-39.2,85.1,0.263,54.71348987424196,25.270682909901957,3.2570391139158588
2026-09-07T15:44:34.108Z,772,66.1,-33.9,85.4,1.068,54.71370358245689,25.270721527997214,3.1299352570784342
2026-09-07T15:44:35.113Z,773,69.9,-30.1,85.4,0.353,54.713914895597085,25.27075579042604,3.011751501795652
2026-09-07T15:44:36.117Z,774,57.7,-42.3,85,0.89,54.71412559912531,25.270789406554723,3.006763739479507
2026-09-07T15:44:37.120Z,775,64.2,-35.8,83.5,0.294,54.71433324276817,25.270818546029112,2.7172004987659295
2026-09-07T15:44:38.125Z,776,62.5,-37.5,83.3,0.569,54.71454136949798,25.27084894973168,2.754067196302335
2026-09-07T15:44:39.129Z,777,67.3,-32.7,83.7,0.491,54.714750802798136,25.270874796741545,2.1944131039050587
2026-09-07T15:44:40.133Z,778,58.1,-41.9,83.8,1.098,54.714958123682194,25.270903678472216,2.097206199268481
2026-09-07T15:44:41.136Z,779,60.5,-39.5,84.7,0.579,54.71516776195821,25.270932204400292,2.0251095472616534
2026-09-07T15:44:42.141Z,781,63.7,-36.3,84.8,0.387,54.715378153721396,25.27096267067505,2.5313989103738392
2026-09-07T15:44:43.145Z,782,61.9,-38.1,84.9,0.57,54.71558914256915,25.27099337379744,3.1269756185579953
2026-09-07T15:44:44.149Z,783,60.8,-39.2,84.4,0.541,54.71579855736644,25.271023657584358,2.827128446480307
2026-09-07T15:44:45.153Z,784,58.3,-41.7,83,0.158,54.71600531180238,25.27105261072773,2.615216734497902
2026-09-07T15:44:46.157Z,785,65.9,-34.1,83,0.167,54.71621216285602,25.271079655698916,2.691523373543725
2026-09-07T15:44:47.161Z,786,58.2,-41.8,83,0.505,54.71641877403319,25.271107958870367,3.0327388558703285
2026-09-07T15:44:48.165Z,787,63.2,-36.8,83.1,0.149,54.71662647767155,25.271135982024436,2.7732759245719842
2026-09-07T15:44:49.170Z,788,64,-36,83.5,0.868,54.71683571899909,25.271160670232177,2.912284740523609
2026-09-07T15:44:50.173Z,789,57.1,-42.9,83.2,0.615,54.7170419525307,25.27118212362055,2.782868771936887
2026-09-07T15:44:51.177Z,790,65.3,-34.7,81.7,0.671,54.71724592470833,25.271197592600704,2.202277265171805
2026-09-07T15:44:52.181Z,791,58.1,-41.9,80.2,0.5,54.717445111294936,25.271207202821746,2.101138360004205
2026-09-07T15:44:53.186Z,792,52.1,-47.9,78.9,0.498,54.71764101025477,25.271210962624792,2.4230866392139405
2026-09-07T15:44:54.189Z,793,57.6,-42.4,77.3,0.505,54.717833251003135,25.27121161081901,2.2956554892423835
2026-09-07T15:44:55.193Z,794,57.7,-42.3,75.7,0.886,54.71802088303893,25.271207837624498,2.0892538877899
2026-09-07T15:44:56.197Z,795,57.1,-42.9,72.7,0.731,54.718202554160214,25.27119899557306,2.0446267653419055
2026-09-07T15:44:57.201Z,796,55.9,-44.1,70.6,0.179,54.71837815129507,25.271183190517032,2.588376567384562
2026-09-07T15:44:58.205Z,797,60.5,-39.5,69.5,0.19,54.71855267823876,25.271160975489817,2.326969058209809
2026-09-07T15:44:59.209Z,798,57.5,-42.5,69,0.124,54.71872492336716,25.271137950554348,2.1131493041764893
2026-09-07T15:45:00.214Z,799,59.9,-40.1,67.8,1.251,54.71889431216181,25.271114249868138,2.0866120987133
2026-09-07T15:45:01.217Z,800,56.6,-43.4,62.6,1.292,54.71904758731198,25.271092686282568,2.0317873190309195
2026-09-07T15:45:02.221Z,801,60.3,-39.7,57.6,0.763,54.719188902301866,25.271068839066885,2.3239041259311173
2026-09-07T15:45:03.226Z,802,53.4,-46.6,54.2,0.473,54.719321907215345,25.271041928490654,2.3533119635059756
2026-09-07T15:45:04.230Z,803,51.6,-48.4,52.2,0.174,54.71945082010898,25.2710135462772,2.1592388929381015
2026-09-07T15:45:05.234Z,804,54.4,-45.6,51.3,0.475,54.719578887315556,25.270985008590237,2.0732993267382853
2026-09-07T15:45:06.237Z,805,58.2,-41.8,51.2,0.307,54.71970555394096,25.270953126748672,2.034377704457359
2026-09-07T15:45:07.241Z,806,56.4,-43.6,51.3,0.346,54.71983231642875,25.270920035604387,2.016178432449571
2026-09-07T15:45:08.246Z,807,53.4,-46.6,51.4,0.227,54.71995922567128,25.270885161022967,2.0643808885409545
2026-09-07T15:45:09.250Z,808,57.3,-42.7,50,0.365,54.72008120457835,25.27084748578121,2.030367207532699
2026-09-07T15:45:10.254Z,809,54.3,-45.7,48.9,0.212,54.720201067538774,25.270810581349732,2.098206251543281
2026-09-07T15:45:11.257Z,810,58.4,-41.6,47.9,0.255,54.72031722272067,25.27077305382084,2.335806631698481
2026-09-07T15:45:12.262Z,811,48,-52,47,0.216,54.720432256724926,25.27073765050598,2.165714674200544
2026-09-07T15:45:13.266Z,812,60,-40,46.4,0.423,54.72054646503929,25.270702634529037,2.082692363071164
2026-09-07T15:45:14.270Z,813,56.5,-43.5,46.1,0.349,54.72065835443401,25.270671403467638,2.44942003878772
2026-09-07T15:45:15.274Z,814,56.6,-43.4,46.9,0.602,54.7207730447646,25.270635644645566,2.308410797023229
2026-09-07T15:45:16.278Z,815,61.2,-38.8,48,0.231,54.720890572888976,25.270600845008353,2.1545221729354
2026-09-07T15:45:17.283Z,816,65.8,-34.2,49.1,0.286,54.72101250065143,25.27056177585607,2.3883556058666464
2026-09-07T15:45:18.286Z,817,55.6,-44.4,49.3,0.352,54.721132569056095,25.270524852586547,2.2030206785926665
2026-09-07T15:45:19.290Z,818,54.3,-45.7,49.7,0.401,54.721254749111495,25.270483157891164,2.0978747653768477
2026-09-07T15:45:20.295Z,819,53.4,-46.6,50.5,0.348,54.72137835608385,25.2704437251731,2.285994445495226
2026-09-07T15:45:21.299Z,820,57.7,-42.3,49.9,0.304,54.72150096929204,25.270404963305324,2.135873166685163
2026-09-07T15:45:22.303Z,821,54.6,-45.4,49.7,0.398,54.721622362118694,25.270366964557233,2.129652828926806
2026-09-07T15:45:23.306Z,822,58,-42,50.4,0.224,54.72174610605923,25.270327564351078,2.1792673054335876
2026-09-07T15:45:24.311Z,823,56.1,-43.9,51.2,0.213,54.72187137033382,25.2702871289414,2.08549321238826
2026-09-07T15:45:25.314Z,824,53.6,-46.4,51.8,0.57,54.721999198098,25.27024760040078,2.0401056008924434
2026-09-07T15:45:26.319Z,825,57.4,-42.6,52.3,0.311,54.72212662335647,25.270206655084895,2.2214454220754414
2026-09-07T15:45:27.322Z,826,57.7,-42.3,52.3,0.171,54.722255605126925,25.270167518756413,2.567083735341763
2026-09-07T15:45:28.327Z,827,52.1,-47.9,52.2,0.126,54.7223826525047,25.270125479215732,2.8477579930775065
2026-09-07T15:45:29.331Z,828,55.5,-44.5,52.5,0.403,54.72251136828034,25.270084418792038,2.7352653562639704
2026-09-07T15:45:30.335Z,829,52.7,-47.3,51.9,0.434,54.72263864365761,25.27004700743902,2.5148926933391587
2026-09-07T15:45:31.339Z,830,57.8,-42.2,50.3,0.181,54.72276178019147,25.270009503500876,2.4791025648774245
2026-09-07T15:45:32.343Z,831,60.1,-39.9,48.7,0.224,54.722879792197034,25.269971884745026,2.254843331112879
2026-09-07T15:45:33.347Z,832,57.2,-42.8,48.9,0.572,54.722999824880816,25.269935215215515,2.1836651036677885
2026-09-07T15:45:34.351Z,833,54.7,-45.3,48.7,0.219,54.72311956732457,25.269896728235327,2.224878086408791
2026-09-07T15:45:35.355Z,834,56.4,-43.6,47.7,0.299,54.723236850539806,25.26986149394577,2.601660914975632
2026-09-07T15:45:36.359Z,835,51.3,-48.7,47.3,0.545,54.72335309554787,25.269824847724035,2.2964542668673786
2026-09-07T15:45:37.364Z,836,56.7,-43.3,47,0.367,54.72346972852237,25.269787144855105,2.3162241926173053
2026-09-07T15:45:38.367Z,837,61.1,-38.9,46.6,0.23,54.723583460662525,25.269751507310325,2.158097199509036
2026-09-07T15:45:39.371Z,838,58,-42,47.8,0.383,54.72370163874204,25.269714465873573,2.278785381784794
2026-09-07T15:45:40.375Z,839,56.6,-43.4,47.6,0.499,54.72381760283025,25.269678051716674,2.3493502777178943
2026-09-07T15:45:41.380Z,840,54.5,-45.5,48.8,0.785,54.72393843753381,25.269639707339863,2.4919837167217858
2026-09-07T15:45:42.384Z,841,59.8,-40.2,51.1,0.34,54.724066420125524,25.269600992722065,2.5621259368202165
2026-09-07T15:45:43.387Z,842,56.9,-43.1,52.4,0.25,54.724196046896175,25.26956084523655,2.2636607723921363
2026-09-07T15:45:44.391Z,843,54,-46,53.2,0.272,54.72432779485669,25.269519411110412,2.2503157689203674
2026-09-07T15:45:45.396Z,844,60.4,-39.6,54.3,0.436,54.72446229251811,25.269476374486796,2.4126756256274478
2026-09-07T15:45:46.400Z,845,59.6,-40.4,55.4,0.297,54.72459910012839,25.2694344971758,2.336233588911061
2026-09-07T15:45:47.404Z,846,53.7,-46.3,56.4,0.324,54.72473850856553,25.269390373033367,2.505349381407502
2026-09-07T15:45:48.407Z,847,58.6,-41.4,57.9,0.449,54.72488207753136,25.269344323929605,2.791391291339089
2026-09-07T15:45:49.412Z,848,58.7,-41.3,59.5,0.405,54.725029052787015,25.269298418537094,2.4476067833405826
2026-09-07T15:45:50.416Z,849,54.4,-45.6,61.8,0.395,54.72518123698582,25.269250648840643,2.8028437863514575
2026-09-07T15:45:51.420Z,850,55,-45,63.7,0.518,54.72533875670039,25.269199477583967,2.655777079810564
2026-09-07T15:45:52.423Z,851,55.4,-44.6,64.7,0.302,54.725497455112155,25.26914988942134,2.678408714260004
2026-09-07T15:45:53.428Z,852,61.5,-38.5,64.6,0.263,54.725655569426614,25.26910134303373,2.6178265087781964
2026-09-07T15:45:54.432Z,853,57.2,-42.8,65.8,0.494,54.72581788795882,25.2690510790959,2.8020993306262594
2026-09-07T15:45:55.436Z,854,61,-39,67.6,0.282,54.72598372271351,25.26899746162742,3.0610033429038976
2026-09-07T15:45:56.440Z,855,57.4,-42.6,68.9,0.224,54.72615289423032,25.268944397486617,2.687066578002164
2026-09-07T15:45:57.444Z,856,60.8,-39.2,70.2,0.154,54.72632561694297,25.268890433947053,2.360983080190898
2026-09-07T15:45:58.449Z,857,57.7,-42.3,71.1,0.322,54.726498631079124,25.268834270529823,4.448846322905049
2026-09-07T15:45:59.452Z,858,62,-38,71.3,0.826,54.72667442839835,25.26878015707471,2.8241751639107333
2026-09-07T15:46:00.456Z,859,54.5,-45.5,70.2,0.532,54.72684673703198,25.268723205933977,2.278941585413232
2026-09-07T15:46:01.460Z,860,57.3,-42.7,67.8,0.426,54.72701148835703,25.2686685589773,3.225635623680384
2026-09-07T15:46:02.464Z,861,56.9,-43.1,66.8,0.813,54.72717496984689,25.268609969121112,2.5785683191545883
2026-09-07T15:46:03.469Z,862,56.7,-43.3,64.4,1.012,54.72733171324449,25.268549707643817,2.2132640801833388
2026-09-07T15:46:04.473Z,863,56.5,-43.5,59.5,0.673,54.727474049714694,25.268496718063037,2.406019207685633
2026-09-07T15:46:05.476Z,864,58.1,-41.9,56.5,0.71,54.72761184638623,25.268441645667433,2.2792596219238295
2026-09-07T15:46:06.480Z,865,57.7,-42.3,54.2,0.464,54.727742692836884,25.268388519448596,2.12371076281122
2026-09-07T15:46:07.484Z,866,57.4,-42.6,51.9,0.57,54.727867465099784,25.268332105345838,2.5899403075027028
2026-09-07T15:46:08.489Z,867,53.6,-46.4,49.4,0.653,54.72798698486537,25.268280184267645,2.2739651997513297
2026-09-07T15:46:09.492Z,868,58.2,-41.8,46.7,0.821,54.7280994783289,25.26822928445615,2.626365377830652
2026-09-07T15:46:10.497Z,869,56.9,-43.1,43.1,0.901,54.72820416596572,25.26818277671393,2.31216886451037
2026-09-07T15:46:11.500Z,870,54.3,-45.7,39.4,1.022,54.72829867309315,25.268140648008814,2.2380862354522857
2026-09-07T15:46:12.504Z,871,57.9,-42.1,34.9,0.683,54.7283832207175,25.268104468266888,2.1608776829459537
2026-09-07T15:46:13.508Z,872,58.2,-41.8,30.3,0.93,54.72845498199529,25.2680725231489,2.0935029378228456
2026-09-07T15:46:14.513Z,873,53.4,-46.6,26.5,0.709,54.72851715216962,25.268044073266598,2.102542905233532
2026-09-07T15:46:15.517Z,874,51,-49,21.9,0.747,54.72856731772673,25.26802182276468,2.134103062383256
2026-09-07T15:46:16.521Z,875,50.3,-49.7,18.2,0.783,54.72860932533966,25.268002003689922,2.100577271070141
2026-09-07T15:46:17.524Z,876,46.3,-53.7,13.2,1.124,54.72863851696695,25.267988616041254,2.0804618396490846
2026-09-07T15:46:18.529Z,877,42,-58,9,0.329,54.72865677198543,25.267980808520008,2.0670515352742926
2026-09-07T15:46:19.533Z,878,43.8,-56.2,2.8,0.674,54.72865869224062,25.26797751317192,2.225722876489928
2026-09-07T15:46:20.537Z,879,38.5,-61.5,0.1,0.535,54.72865493995778,25.26797713579327,2.1975075244513707
2026-09-07T15:46:21.541Z,880,40.6,-59.4,0.1,0.141,54.72865436042141,25.26797537776648,2.200104330646829
2026-09-07T15:46:22.544Z,881,37.6,-62.4,0.1,0.064,54.72865391150234,25.267972833335737,2.1867174137070733
2026-09-07T15:46:23.549Z,882,37.2,-62.8,0.1,0.052,54.7286542776505,25.267971377852657,2.2310842974177945
2026-09-07T15:46:24.553Z,883,42.3,-57.7,0.1,0.05,54.728654588510494,25.267970437762607,2.233123981029676
2026-09-07T15:46:25.557Z,884,50.1,-49.9,0,1.43,54.72865214435787,25.267968592395206,2.2452241181765484
2026-09-07T15:46:26.561Z,885,39.9,-60.1,0.2,0.293,54.728652776679525,25.267970853552484,2.229474653008929
2026-09-07T15:46:27.565Z,886,43.4,-56.6,0.1,0.187,54.728653898429485,25.2679743451347,2.248876395151523
2026-09-07T15:46:28.569Z,887,40.4,-59.6,0,0.293,54.7286527139688,25.26797491255944,2.233321620532651
2026-09-07T15:46:29.573Z,888,42.8,-57.2,0,0.193,54.7286527139688,25.26797491255944,2.219596819324848
2026-09-07T15:46:30.577Z,889,47.9,-52.1,0.2,0.491,54.72865153300437,25.267974389468836,2.2322226740627245
2026-09-07T15:46:31.581Z,890,42,-58,0.2,1.418,54.72865502442943,25.26797355464535,2.2200004283121264
2026-09-07T15:46:32.585Z,891,55.7,-44.3,0,2.127,54.72865486173608,25.267973722187243,2.233002315441491
2026-09-07T15:46:33.589Z,892,57.1,-42.9,0,2.057,54.72865486173608,25.267973722187243,2.2232274594681574
2026-09-07T15:46:34.593Z,893,59.8,-40.2,0,1.924,54.72865486173608,25.267973722187243,2.2120660864947497
2026-09-07T15:46:35.598Z,894,59.8,-40.2,21.8,1.527,54.72877920017118,25.26791806762571,2.2086003055390635
2026-09-07T15:46:36.601Z,895,59.4,-40.6,26.8,1.441,54.72884895687269,25.267888856752855,2.0793935822454888
2026-09-07T15:46:37.605Z,896,60.2,-39.8,33.4,1.259,54.72893653169062,25.267851221409334,2.3394659622051543
2026-09-07T15:46:38.609Z,897,60,-40,38.7,1.117,54.729034934918445,25.26780753904071,2.208323416108947
2026-09-07T15:46:39.614Z,898,58.7,-41.3,43.3,1.148,54.729144359670535,25.267757312598967,2.3650020888151255
2026-09-07T15:46:40.618Z,899,58.8,-41.2,47.4,0.923,54.72926246534387,25.267700816267425,2.1871550062152516
2026-09-07T15:46:41.622Z,900,60.8,-39.2,51.4,0.83,54.72938972199738,25.267639907299888,2.0911511190552354
2026-09-07T15:46:42.625Z,901,58.3,-41.7,55.1,0.935,54.72952527386374,25.26757644975937,2.4468922996353784
2026-09-07T15:46:43.630Z,902,58.7,-41.3,58.7,0.983,54.7296704692233,25.267511688499784,2.1959982146923753
2026-09-07T15:46:44.634Z,903,61,-39,62.1,0.788,54.72982393007768,25.26744593630148,2.0955618056728658
2026-09-07T15:46:45.638Z,904,61.5,-38.5,65.8,0.479,54.72998600606481,25.26737455025654,2.0374606744164185
2026-09-07T15:46:46.641Z,905,60.6,-39.4,69.4,0.619,54.73015721312176,25.267299422041493,2.056780877922301
2026-09-07T15:46:47.645Z,906,57.2,-42.8,71.8,1.253,54.730332996232214,25.267220476533822,2.019380831834205
2026-09-07T15:46:48.650Z,907,62.5,-37.5,72.6,0.273,54.73050855456147,25.267140045046027,2.006474857083334
2026-09-07T15:46:49.654Z,908,64.2,-35.8,73.9,0.442,54.73068860253844,25.26705900823404,2.0021064967333544
2026-09-07T15:46:50.658Z,909,57.2,-42.8,75.5,0.475,54.73087305905892,25.266973991253412,2.0010533344437125
2026-09-07T15:46:51.662Z,910,60.9,-39.1,77.6,0.491,54.73106200199267,25.266886371514715,2.0003218462242205
2026-09-07T15:46:52.666Z,911,60.2,-39.8,79.5,0.581,54.73125667656546,25.266797225993578,2.154556185057763
2026-09-07T15:46:53.670Z,912,69.1,-30.9,82.1,0.651,54.73145690904825,25.26670575808295,2.043340699236158
2026-09-07T15:46:54.674Z,913,63.6,-36.4,84.4,0.534,54.73166322183802,25.266611313994282,2.02167053000933
2026-09-07T15:46:55.678Z,914,64.6,-35.4,87.4,0.388,54.731877380729955,25.266514103580757,2.005282732182308
2026-09-07T15:46:56.682Z,915,61.6,-38.4,89.7,0.558,54.732095703294284,25.266413622248727,2.002641539031528
2026-09-07T15:46:57.686Z,916,67.7,-32.3,92.4,0.395,54.73232223548412,25.266310619412913,2.0005544497643943
2026-09-07T15:46:58.690Z,917,63.7,-36.3,94.8,0.459,54.73255291873309,25.26620724232588,2.0002774174672644
2026-09-07T15:46:59.694Z,918,60.3,-39.7,97.1,0.552,54.73278912348145,25.26610246429289,2.269725787953661
2026-09-07T15:47:00.698Z,919,61.6,-38.4,99.3,0.63,54.733030258686895,25.265991840021464,2.4708665120474094
2026-09-07T15:47:01.702Z,920,63.2,-36.8,102.1,0.644,54.733275764132316,25.265878743148896,2.0716730374241563
2026-09-07T15:47:02.707Z,921,65.2,-34.8,104.3,0.406,54.733526988250034,25.265762775309536,2.5075853793391985
2026-09-07T15:47:03.710Z,922,62.8,-37.2,105.4,0.597,54.73378119490285,25.265648234941878,2.0613079356869406
2026-09-07T15:47:04.714Z,923,59.1,-40.9,107,1.166,54.734041683366414,25.265534766765025,2.219134146475426
2026-09-07T15:47:05.718Z,924,60.1,-39.9,108.4,0.864,54.73430540913537,25.26542671840799,2.9802977612766486
2026-09-07T15:47:06.723Z,925,62.9,-37.1,108.5,1.428,54.73456956690492,25.265328123887784,2.9024357413826225
2026-09-07T15:47:07.726Z,926,59.3,-40.7,107,0.904,54.73482829884299,25.26524021552896,2.090250595689166
2026-09-07T15:47:08.730Z,927,68.4,-31.6,106,0.477,54.735087848066385,25.265159572614994,2.0961024456278152
2026-09-07T15:47:09.734Z,928,60.2,-39.8,106,1.183,54.735087848066385,25.265159572614994,2.0961024456278152
2026-09-07T15:47:10.738Z,929,62.9,-37.1,105.7,0.703,54.73560492441415,25.265014454192325,2.5319487493629365
2026-09-07T15:47:11.742Z,930,64.7,-35.3,106.2,0.321,54.73586675824926,25.264948100145045,2.2515559706197914
2026-09-07T15:47:12.746Z,931,63.1,-36.9,106,1.043,54.73612848908152,25.264881705712053,2.1257778302504926
2026-09-07T15:47:13.750Z,932,66.8,-33.2,105.4,0.328,54.73638976820103,25.26481403944057,2.0132723114469604
2026-09-07T15:47:14.754Z,933,58.1,-41.9,105.3,0.322,54.736650045646584,25.264745849748724,2.0066359509546436
2026-09-07T15:47:15.758Z,934,64.2,-35.8,104.8,0.904,54.736910970154206,25.264679457442522,2.000725069083221
2026-09-07T15:47:16.763Z,935,63.8,-36.2,104.7,0.43,54.737168752356254,25.264615320880978,2.261499055024448
2026-09-07T15:47:17.767Z,936,64.7,-35.3,104.8,0.317,54.73742613827516,25.26455089656098,2.031209200050767
2026-09-07T15:47:18.771Z,937,62.4,-37.6,105.5,0.592,54.737686985844995,25.26448417585746,2.015604331382024
2026-09-07T15:47:19.775Z,938,60.1,-39.9,105.9,0.194,54.73794782352363,25.26442571014953,2.0017809163556546
2026-09-07T15:47:20.779Z,939,65.3,-34.7,107.5,0.451,54.73821396581863,25.264366074665496,2.0008900159184915
2026-09-07T15:47:21.783Z,940,61.8,-38.2,108.8,0.269,54.73848482726224,25.264302262762065,2.0000864413857204
2026-09-07T15:47:22.787Z,941,65,-35,110.3,1.095,54.73875728923834,25.264251198501203,2.163485020462246
2026-09-07T15:47:23.792Z,942,66.3,-33.7,111.9,0.27,54.73903576578183,25.264201211822908,2.0127539961119787
2026-09-07T15:47:24.795Z,943,61.4,-38.6,113.6,1.738,54.73931913955029,25.264148556628616,2.017936824028121
2026-09-07T15:47:25.799Z,944,60.6,-39.4,114,0.86,54.739602624567794,25.264095477136046,2.0010095393386256
2026-09-07T15:47:26.803Z,945,62.3,-37.7,112.8,0.65,54.739881883606074,25.264045747157294,2.7165512280713418
2026-09-07T15:47:27.807Z,946,60.7,-39.3,111.4,0.556,54.740158061167165,25.26399482554082,2.2085883633641945
2026-09-07T15:47:28.811Z,947,58.6,-41.4,110.2,0.459,54.74043291924009,25.263943815196892,2.175233338157284
2026-09-07T15:47:29.815Z,948,66,-34,109.3,0.83,54.74070468024315,25.26389075511401,2.0135343383784368
2026-09-07T15:47:30.820Z,949,55,-45,108.2,0.604,54.74097325740693,25.26383801687105,2.0067666966315247
2026-09-07T15:47:31.823Z,950,61.4,-38.6,106.8,0.487,54.74123786064579,25.26378918532312,2.162079854126791
2026-09-07T15:47:32.827Z,951,64,-36,105.4,0.496,54.741499558684204,25.26374221902159,2.5318666379573953
2026-09-07T15:47:33.831Z,952,62.3,-37.7,104.8,0.574,54.74175974077272,25.26369507969709,3.218288440519918
2026-09-07T15:47:34.836Z,953,59.8,-40.2,104.7,0.454,54.74201829854623,25.263643582742056,2.6850449476848595
2026-09-07T15:47:35.840Z,954,63.1,-36.9,104.6,0.648,54.74227810095839,25.263591573381365,4.460109941332345
2026-09-07T15:47:36.843Z,955,60.8,-39.2,103.4,0.283,54.74253585357922,25.263546661639815,3.910297858856877
2026-09-07T15:47:37.848Z,956,60.5,-39.5,102.1,0.125,54.742789273868325,25.26350090249988,3.515710136731611
2026-09-07T15:47:38.851Z,957,60.4,-39.6,101.9,0.595,54.74304165308976,25.263455255153254,3.2471020219771938
2026-09-07T15:47:39.856Z,958,62.5,-37.5,102.1,0.635,54.74329650779732,25.26340379964539,2.1594179342667608
2026-09-07T15:47:40.860Z,959,61.9,-38.1,102.8,0.618,54.74355375123711,25.263357724408884,3.52090531384658
2026-09-07T15:47:41.864Z,960,65.7,-34.3,103.7,0.614,54.74380977822916,25.263310098872136,4.002084464687851
2026-09-07T15:47:42.869Z,961,61.2,-38.8,104.9,0.4,54.74406955829573,25.26326112402104,3.2351283102859125
2026-09-07T15:47:43.872Z,962,60.8,-39.2,106,0.299,54.7443330771863,25.263212696633932,3.140345498018934
2026-09-07T15:47:44.876Z,963,63.9,-36.1,106,0.299,54.7443330771863,25.263212696633932,3.140345498018934
2026-09-07T15:47:45.880Z,964,65.8,-34.2,108,1.334,54.74487051614278,25.263133226600633,2.142867301519067
2026-09-07T15:47:46.884Z,965,64.5,-35.5,108.5,0.905,54.74513737622701,25.263116045239304,2.076639225626744
2026-09-07T15:47:47.888Z,966,62.5,-37.5,109.1,1.512,54.74541399454063,25.263107317487975,2.006216649789562
2026-09-07T15:47:48.892Z,967,61.3,-38.7,109.4,0.883,54.74569022582863,25.263120353290756,3.4763891559013222
2026-09-07T15:47:49.896Z,968,66,-34,109.4,1.507,54.74596152568731,25.263155854891693,4.88995078610858
2026-09-07T15:47:50.900Z,969,60.4,-39.6,109.3,1.628,54.746232843681554,25.263212579465772,3.9520881775983825
2026-09-07T15:47:51.904Z,970,64.9,-35.1,108.5,1.546,54.746498708193876,25.263287136624157,2.6286479768763775
2026-09-07T15:47:52.908Z,971,62.3,-37.7,106.8,1.153,54.746757961563716,25.26337966570513,2.3392166070539115
2026-09-07T15:47:53.912Z,972,59.5,-40.5,105.9,0.888,54.7470130389759,25.263489730048704,2.1940491342901174
2026-09-07T15:47:54.917Z,973,62.9,-37.1,105.3,0.874,54.74726425039051,25.263616709991474,2.1954743115062136
2026-09-07T15:47:55.920Z,974,58.7,-41.3,104.1,1.584,54.747508107822725,25.263762010499924,2.1369778170756413
2026-09-07T15:47:56.925Z,975,61.2,-38.8,102.1,1.315,54.747744282937894,25.263921941229537,2.2384020408022702
2026-09-07T15:47:57.928Z,976,61,-39,99.8,1.998,54.74797338148327,25.264090592511543,2.031736529769872
2026-09-07T15:47:58.933Z,977,57.9,-42.1,97.1,2.057,54.74819161073315,25.26427411678901,2.015867848991485
2026-09-07T15:47:59.936Z,978,59,-41,92.9,2.048,54.74839391249974,25.264462318369187,2.002724730492457
2026-09-07T15:48:00.940Z,979,58.9,-41.1,86.9,1.501,54.74858174352051,25.26464241699568,2.001362068027589
2026-09-07T15:48:01.944Z,980,56,-44,81.3,1.361,54.748755068006176,25.264810530958776,2.0003291001085124
2026-09-07T15:48:02.949Z,981,57.1,-42.9,76.5,1.28,54.74891671871301,25.264976817877404,2.000164176377196
2026-09-07T15:48:03.953Z,982,55.3,-44.7,72.3,1.579,54.74907058148107,25.265135262649615,2.000049610018914
2026-09-07T15:48:04.957Z,983,60.6,-39.4,67.3,1.417,54.749213030806594,25.265285595508196,2.0000246057860935
2026-09-07T15:48:05.960Z,984,62.2,-37.8,62.8,1.553,54.7493465046728,25.265425241770046,2.1384718517714614
2026-09-07T15:48:06.965Z,985,59.1,-40.9,58.1,1.011,54.74947044908404,25.265551430913096,2.650226913154171
2026-09-07T15:48:07.969Z,986,60.7,-39.3,53.6,0.924,54.7495843463703,25.26566594855917,2.3342397003512363
2026-09-07T15:48:08.973Z,987,58.5,-41.5,49.6,0.546,54.74968925348842,25.265773826359304,2.2451068659053006
2026-09-07T15:48:09.977Z,988,57.2,-42.8,46.4,0.91,54.749787445459496,25.26587687951771,2.2240744551469698
2026-09-07T15:48:10.982Z,989,58.6,-41.4,46.4,0.91,54.749787445459496,25.26587687951771,2.2240744551469698
2026-09-07T15:48:11.985Z,990,56,-44,40.9,0.585,54.749964014301156,25.26606969870179,3.0599516180647286
2026-09-07T15:48:12.989Z,991,57.5,-42.5,38.5,0.539,54.75004650913067,25.266151752454675,2.7466231604008287
2026-09-07T15:48:13.993Z,992,59.6,-40.4,36.7,0.544,54.75012514897758,25.266231999499308,2.4148139854912447
2026-09-07T15:48:14.997Z,993,60.2,-39.8,35.6,1.307,54.75020080768017,25.266310808475595,2.2350905543209265
2026-09-07T15:48:16.001Z,994,59.5,-40.5,33.6,1.486,54.750272847029436,25.26638698825567,2.223187418970981
2026-09-07T15:48:17.006Z,995,52.3,-47.7,28.7,1.12,54.750332723375145,25.266448691422752,2.13189669126944
2026-09-07T15:48:18.009Z,996,51.1,-48.9,23.2,0.426,54.750380913686286,25.266497702446912,2.0821586990189735
2026-09-07T15:48:19.013Z,997,56.9,-43.1,18,0.461,54.7504166869612,25.26653635618441,2.06090914138906
2026-09-07T15:48:20.017Z,998,57.4,-42.6,14.7,1.078,54.75044514913695,25.266567051690828,2.0487273136886963
2026-09-07T15:48:21.022Z,999,53.5,-46.5,14.3,2.097,54.750475343750374,25.266599014466763,2.0406060894999594
2026-09-07T15:48:22.025Z,1000,52.5,-47.5,15.7,0.284,54.750509422887134,25.26663279917402,2.0362764390676964
2026-09-07T15:48:23.029Z,1001,59.1,-40.9,21,1.076,54.75055561682683,25.266681256185336,2.0317418630036754
2026-09-07T15:48:24.033Z,1002,59.9,-40.1,24,0.984,54.75060927060628,25.266735766329397,2.0282149732405776
2026-09-07T15:48:25.038Z,1003,58.6,-41.4,26.2,1.229,54.75066479015684,25.2667944708981,2.0242943042591994
2026-09-07T15:48:26.042Z,1004,64.8,-35.2,29.5,0.823,54.750728020034074,25.26686077423714,2.0195591861638253
2026-09-07T15:48:27.045Z,1005,57.2,-42.8,35.6,0.96,54.75087620755003,25.267014999129792,2.109424053657553
2026-09-07T15:48:28.049Z,1006,53.1,-46.9,38.1,0.557,54.75095765028383,25.267098267381407,2.066984536800019
2026-09-07T15:48:29.054Z,1007,54.5,-45.5,38.9,0.728,54.7510431385339,25.26718388146838,2.4064983718080457
2026-09-07T15:48:30.057Z,1008,63.3,-36.7,40.9,0.538,54.751129681428154,25.267275531302637,2.2257144820421866
2026-09-07T15:48:31.061Z,1009,60.5,-39.5,42.5,0.355,54.75122081253417,25.26737064422033,2.8068939711303713
2026-09-07T15:48:32.066Z,1010,61.3,-38.7,42.5,0.571,54.75122081253417,25.26737064422033,2.8068939711303713
2026-09-07T15:48:33.070Z,1011,61.3,-38.7,45.2,0.723,54.75141310079405,25.267568915505223,2.452825817859154
2026-09-07T15:48:34.073Z,1012,56.5,-43.5,47.7,0.385,54.75151688130868,25.26767455331577,2.6372175491262198
2026-09-07T15:48:35.078Z,1013,64.8,-35.2,50.1,0.87,54.751624479904436,25.267784455721326,2.947010512406982
2026-09-07T15:48:36.082Z,1014,58.2,-41.8,53.3,0.339,54.75174001235691,25.267899195933637,3.247125519452725
2026-09-07T15:48:37.086Z,1015,55.3,-44.7,56.1,0.694,54.75186270914075,25.26802030209388,2.7438565760116504
2026-09-07T15:48:38.089Z,1016,51.4,-48.6,55.9,0.421,54.75198452034361,25.26813676432489,2.326579416956637
2026-09-07T15:48:39.094Z,1017,56.5,-43.5,55.9,0.367,54.75198452034361,25.26813676432489,2.326579416956637
2026-09-07T15:48:40.098Z,1018,64.3,-35.7,57.5,0.276,54.752235502123675,25.268375781584467,2.2967308783267315
2026-09-07T15:48:41.102Z,1019,62.8,-37.2,58.9,0.554,54.752364457240034,25.26850314587108,2.828994377143173
2026-09-07T15:48:42.106Z,1020,64.3,-35.7,59.2,0.448,54.7524938628938,25.26863283566626,2.3443404046975838
2026-09-07T15:48:43.110Z,1021,64,-36,59.5,0.822,54.75262200009424,25.26876343086311,2.1604338716415037
2026-09-07T15:48:44.114Z,1022,57.4,-42.6,57.9,0.522,54.75274642590882,25.26889102000794,2.119772358190712
2026-09-07T15:48:45.118Z,1023,63.6,-36.4,56.1,0.557,54.75286593292512,25.269014450980045,2.051201811579225
2026-09-07T15:48:46.122Z,1024,65.6,-34.4,54.8,1.102,54.75298411426169,25.269135648375503,2.0270841989873682
2026-09-07T15:48:47.126Z,1025,65.3,-34.7,53.2,0.857,54.75309763916126,25.269253775874308,2.181855380352097
2026-09-07T15:48:48.130Z,1026,56.5,-43.5,54.1,0.388,54.75321571885678,25.269368536367494,2.0825371026274584
2026-09-07T15:48:49.134Z,1027,55,-45,54,0.368,54.75333345087616,25.269480667141483,2.0375548889614747
2026-09-07T15:48:50.138Z,1028,57.2,-42.8,54.8,0.118,54.75345343627336,25.269596120578118,2.016918107159351
2026-09-07T15:48:51.143Z,1030,56.7,-43.3,54.8,0.271,54.75357339508323,25.269714920452593,2.0075231402474634
2026-09-07T15:48:52.146Z,1031,60,-40,54.2,0.349,54.75369144211618,25.269829422223456,2.0033553379724736
2026-09-07T15:48:53.150Z,1032,58.9,-41.1,54.2,0.453,54.75369144211618,25.269829422223456,2.0033553379724736
2026-09-07T15:48:54.154Z,1033,56.7,-43.3,54.2,0.155,54.753929818322455,25.270054340067876,2.000678635162806
2026-09-07T15:48:55.159Z,1034,61.7,-38.3,54.2,0.539,54.754049552201465,25.270161665670052,2.0003050462705594
2026-09-07T15:48:56.162Z,1035,55.4,-44.6,53.2,0.489,54.75416796223987,25.270266433608086,2.288414177809278
2026-09-07T15:48:57.167Z,1036,64.5,-35.5,53.2,1.219,54.75416796223987,25.270266433608086,2.288414177809278
2026-09-07T15:48:58.170Z,1037,58.5,-41.5,51.7,0.252,54.75440313330287,25.270461511136208,2.3889266449421647
2026-09-07T15:48:59.175Z,1038,58.3,-41.7,50.9,0.576,54.754517894634326,25.270553330913216,2.2108020641518356
2026-09-07T15:49:00.179Z,1039,57.2,-42.8,49.9,0.66,54.75463332554895,25.270638650257393,3.7819537461426265
2026-09-07T15:49:01.182Z,1040,59.5,-40.5,49.9,0.583,54.75463332554895,25.270638650257393,3.7819537461426265
2026-09-07T15:49:02.187Z,1041,56.5,-43.5,46.3,0.582,54.754854102881524,25.270794275946415,3.7073435953602893
2026-09-07T15:49:03.190Z,1042,61,-39,44.8,0.428,54.754957382019946,25.270866883872223,3.2506520605203617
2026-09-07T15:49:04.195Z,1043,52.7,-47.3,44.3,0.284,54.75506063447407,25.27093855650777,2.9362535528035947
2026-09-07T15:49:05.198Z,1044,51.6,-48.4,44.3,0.603,54.7551648283635,25.27100861458874,2.741653208860476
2026-09-07T15:49:06.203Z,1045,59.9,-40.1,42.8,0.635,54.755266153991585,25.27107658859315,2.820668313087759
2026-09-07T15:49:07.207Z,1046,52.4,-47.6,41.4,0.145,54.75536097419432,25.271144353360967,2.6139540269722144
2026-09-07T15:49:08.211Z,1047,52,-48,41.4,0.589,54.75536097419432,25.271144353360967,2.6139540269722144
2026-09-07T15:49:09.214Z,1048,56,-44,38.7,0.419,54.75553990991655,25.27127539922147,2.2458003485519664
2026-09-07T15:49:10.219Z,1049,63.6,-36.4,36.7,0.527,54.75562567508808,25.271335206867267,2.275348381104032
2026-09-07T15:49:11.223Z,1050,59.6,-40.4,34.5,0.653,54.75570363929574,25.271392848622444,2.1566961926099477
2026-09-07T15:49:12.227Z,1051,59.2,-40.8,32.2,0.525,54.75577925557397,25.27144649827854,2.1428719662104037
2026-09-07T15:49:13.230Z,1052,57.5,-42.5,29.7,0.295,54.75584796190071,25.27149385089274,2.085147156275503
2026-09-07T15:49:14.235Z,1053,53.5,-46.5,27,0.507,54.755909613991534,25.271534749392632,2.427698365064689
2026-09-07T15:49:15.240Z,1054,49.4,-50.6,24.7,0.281,54.75596723950274,25.271572890110356,2.739327140610571
2026-09-07T15:49:16.242Z,1055,58.5,-41.5,22.6,0.494,54.756019155568055,25.271607586411037,2.7375066133066848
2026-09-07T15:49:17.247Z,1056,52.7,-47.3,19.9,0.311,54.756066247288686,25.271634372593805,3.5154911592222082
2026-09-07T15:49:18.251Z,1057,47.5,-52.5,17.7,0.222,54.75610691142868,25.271661520053012,3.5548491671019073
2026-09-07T15:49:19.255Z,1058,52.1,-47.9,16.5,0.723,54.7561440192048,25.271687371355576,3.6366706908255892
2026-09-07T15:49:20.259Z,1059,49.9,-50.1,17.2,0.214,54.75618486104058,25.271711921407196,3.4320868462191307
2026-09-07T15:49:21.263Z,1060,47.9,-52.1,15.7,0.527,54.75622337909857,25.271733132979048,3.3749480050363934
2026-09-07T15:49:22.267Z,1061,50.5,-49.5,13.3,0.8,54.756255589305674,25.271750212202825,3.3057190899473476
2026-09-07T15:49:23.271Z,1062,53,-47,8.9,3.302,54.756276647435506,25.27176176457781,3.2856412085017905
2026-09-07T15:49:24.275Z,1063,48.4,-51.6,3.8,0.504,54.75628654960464,25.271771724966396,3.241011909189223
2026-09-07T15:49:25.279Z,1064,59.3,-40.7,3.6,0.976,54.75629915262947,25.271779946764525,3.2558746914863432
2026-09-07T15:49:26.283Z,1065,49.2,-50.8,3.3,0.819,54.756310216852846,25.271782145642934,3.311964779880243
2026-09-07T15:49:27.287Z,1066,54.6,-45.4,4.7,0.918,54.75632830305019,25.271792408212384,3.267273032261397
2026-09-07T15:49:28.292Z,1067,50.1,-49.9,9.3,0.189,54.75636002406031,25.2718024743982,3.197700316861006
2026-09-07T15:49:29.296Z,1068,52.4,-47.6,10.3,0.155,54.75638486032637,25.271813343140693,3.167518621426075
2026-09-07T15:49:30.300Z,1069,48.3,-51.7,9.6,0.148,54.756408016549884,25.27182435848057,3.164322602282825
2026-09-07T15:49:31.304Z,1070,41.1,-58.9,7.6,0.716,54.75642211597983,25.27183202452411,3.1410400860373655
2026-09-07T15:49:32.308Z,1071,52.1,-47.9,6.7,0.348,54.75643787686206,25.271841723365334,3.1119511308714904
2026-09-07T15:49:33.312Z,1072,48.3,-51.7,6.2,0.292,54.75645333205831,25.271848158242097,3.124923666156059
2026-09-07T15:49:34.316Z,1073,48.7,-51.3,5.8,0.366,54.756468423403405,25.271854056841264,3.108163231525766
2026-09-07T15:49:35.321Z,1074,47,-53,4.8,0.083,54.756479176792446,25.271858446274706,3.202339089064654
2026-09-07T15:49:36.324Z,1075,45.8,-54.2,3.9,0.286,54.75648719792964,25.271864142220938,3.2056982511761576
2026-09-07T15:49:37.329Z,1076,47.1,-52.9,3,0.349,54.75649535616028,25.271866125844184,3.20565119325793
2026-09-07T15:49:38.332Z,1077,48.3,-51.7,2.2,0.537,54.75649910279052,25.271868883184386,3.3069346403699575
2026-09-07T15:49:39.337Z,1078,45.8,-54.2,0,0.226,54.75649772161165,25.271868620973574,3.2451833249983038
2026-09-07T15:49:40.340Z,1079,47.4,-52.6,0,0.448,54.75649772161165,25.271868620973574,3.2127555119177416
2026-09-07T15:49:41.345Z,1080,49.2,-50.8,0,0.615,54.75649772161165,25.271868620973574,3.1981477662229243
2026-09-07T15:49:42.349Z,1081,48,-52,0,0.615,54.75649772161165,25.271868620973574,3.1981477662229243
2026-09-07T15:49:43.353Z,1082,47.6,-52.4,0,0.299,54.756516913120926,25.271881337941913,3.115271148131948
2026-09-07T15:49:44.357Z,1083,51,-49,0,0.177,54.756516913120926,25.271881337941913,3.1200707722257586
2026-09-07T15:49:45.361Z,1084,50.1,-49.9,0,0.227,54.7565179296029,25.271879977870736,3.298087218618109
2026-09-07T15:49:46.365Z,1085,49.7,-50.3,0,0.254,54.7565179296029,25.271879977870736,3.234762198068171
2026-09-07T15:49:47.369Z,1086,48.1,-51.9,0,0.214,54.7565179296029,25.271879977870736,3.1875690885815398
2026-09-07T15:49:48.373Z,1087,47.1,-52.9,0,0.182,54.7565179296029,25.271879977870736,3.1414257510628745
2026-09-07T15:49:49.377Z,1088,47.7,-52.3,0,0.174,54.7565179296029,25.271879977870736,3.1256132500315594
2026-09-07T15:49:50.382Z,1089,46.3,-53.7,0,0.14,54.7565179296029,25.271879977870736,3.092553566545254
2026-09-07T15:49:51.385Z,1090,46.5,-53.5,0,0.111,54.7565179296029,25.271879977870736,3.087356200819685
2026-09-07T15:49:52.389Z,1091,49.4,-50.6,0,0.181,54.7565179296029,25.271879977870736,3.116882871859463
2026-09-07T15:49:53.394Z,1092,43.1,-56.9,0,0.165,54.7565179296029,25.271879977870736,3.0919860547366893
2026-09-07T15:49:54.398Z,1093,46.8,-53.2,0,0.136,54.7565179296029,25.271879977870736,3.0573448188354764
2026-09-07T15:49:55.401Z,1094,43,-57,0,0.047,54.7565179296029,25.271879977870736,3.1604147263721774
2026-09-07T15:49:56.405Z,1095,48.9,-51.1,0,0.264,54.7565179296029,25.271879977870736,3.1670446617922905
2026-09-07T15:49:57.410Z,1096,46.8,-53.2,0,0.255,54.7565179296029,25.271879977870736,3.2092618107929054
2026-09-07T15:49:58.414Z,1097,49,-51,0.1,0.148,54.75652565980127,25.271875786616683,3.1906699156203704
2026-09-07T15:49:59.417Z,1098,47,-53,0.4,0.134,54.75652765431723,25.271876009499504,3.22212793247741
2026-09-07T15:50:00.421Z,1099,50.4,-49.6,0,0.134,54.75652746242335,25.271876563962145,3.192360026885853
2026-09-07T15:50:01.426Z,1100,44.1,-55.9,0,0.128,54.75652746242335,25.271876563962145,3.1450199238541234
2026-09-07T15:50:02.430Z,1101,52.2,-47.8,0,0.099,54.75652746242335,25.271876563962145,3.1280765267171895
2026-09-07T15:50:03.433Z,1102,47.8,-52.2,0,0.229,54.75652746242335,25.271876563962145,3.173355499123036
2026-09-07T15:50:04.437Z,1103,50.7,-49.3,0,0.153,54.75652728414853,25.271878311238208,3.1466182991822564
2026-09-07T15:50:05.442Z,1104,45.9,-54.1,0,0.072,54.75652728414853,25.271878311238208,3.1371996057105114
2026-09-07T15:50:06.447Z,1105,50.8,-49.2,0,1.157,54.75652728414853,25.271878311238208,3.2411712522590217
2026-09-07T15:50:07.450Z,1106,48,-52,0.1,2.864,54.75652566914522,25.27188139618571,3.2544590919959244
2026-09-07T15:50:08.454Z,1107,49.8,-50.2,0.2,1.926,54.75652511721381,25.271881696177115,3.2450508808908367
2026-09-07T15:50:09.458Z,1108,49.3,-50.7,0.2,0.146,54.75652556167808,25.271880362891487,3.305517513118242
2026-09-07T15:50:10.463Z,1109,50.6,-49.4,0.3,0.161,54.756525718040756,25.27187747050803,3.4152266746181708
2026-09-07T15:50:11.466Z,1110,48.2,-51.8,0,0.201,54.756525441209064,25.27187730174617,3.540701755994781
2026-09-07T15:50:12.470Z,1111,52.7,-47.3,0,0.115,54.756521760146434,25.27187852998351,3.541324673605176
2026-09-07T15:50:13.474Z,1112,53.7,-46.3,0,0.164,54.756521760146434,25.27187852998351,3.4896303460339784
2026-09-07T15:50:14.478Z,1113,52.2,-47.8,0,0.263,54.756521760146434,25.27187852998351,3.479209618989658
2026-09-07T15:50:15.482Z,1114,50.1,-49.9,0,0.14,54.756521760146434,25.27187852998351,3.421421151543913
2026-09-07T15:50:16.486Z,1115,52.6,-47.4,0,0.071,54.756521760146434,25.27187852998351,3.39778840682023
2026-09-07T15:50:17.491Z,1116,46.8,-53.2,0,0.054,54.756521760146434,25.27187852998351,3.360116117543587
2026-09-07T15:50:18.495Z,1117,47.5,-52.5,0,0.016,54.756521760146434,25.27187852998351,3.328863714108343
2026-09-07T15:50:19.499Z,1118,47.8,-52.2,0,0.02,54.756521760146434,25.27187852998351,3.2624205284029264
2026-09-07T15:50:20.502Z,1119,50.1,-49.9,0,0.173,54.756521760146434,25.27187852998351,3.211185975405183
2026-09-07T15:50:21.507Z,1120,53.4,-46.6,0,0.137,54.756521760146434,25.27187852998351,3.176559549045027
2026-09-07T15:50:22.511Z,1121,52.5,-47.5,0,0.075,54.756521760146434,25.27187852998351,3.133462980105655
2026-09-07T15:50:23.514Z,1122,45.1,-54.9,0,0.028,54.756521760146434,25.27187852998351,3.130732197625038
2026-09-07T15:50:24.518Z,1123,45.8,-54.2,0,0.019,54.756521760146434,25.27187852998351,3.102909191086052
2026-09-07T15:50:25.523Z,1124,47.4,-52.6,0,0.024,54.756521760146434,25.27187852998351,3.0580773865176734
2026-09-07T15:50:26.527Z,1125,48.8,-51.2,0,0.019,54.756521760146434,25.27187852998351,3.0687232656979395
2026-09-07T15:50:27.530Z,1126,51.8,-48.2,0,0.076,54.756521760146434,25.27187852998351,3.0684654778759715
2026-09-07T15:50:28.534Z,1127,49.1,-50.9,0,0.076,54.756521760146434,25.27187852998351,3.0684654778759715
2026-09-07T15:50:29.539Z,1128,52.1,-47.9,0,0.076,54.756521760146434,25.27187852998351,3.0684654778759715
2026-09-07T15:50:30.542Z,1129,49.2,-50.8,0,0.018,54.756521760146434,25.27187852998351,3.027030419118611
2026-09-07T15:50:31.547Z,1130,44.6,-55.4,0,0.043,54.756521760146434,25.27187852998351,2.987751629408801
2026-09-07T15:50:32.550Z,1131,49.4,-50.6,0,0.048,54.756521760146434,25.27187852998351,2.938364047938361
2026-09-07T15:50:33.554Z,1132,50.8,-49.2,0,0.02,54.756521760146434,25.27187852998351,3.0538455434972818
2026-09-07T15:50:34.559Z,1133,48.7,-51.3,0,0.236,54.756521760146434,25.27187852998351,3.0011532663224174
2026-09-07T15:50:35.562Z,1134,50.8,-49.2,0,0.06,54.756521760146434,25.27187852998351,2.9638146961464504
2026-09-07T15:50:36.567Z,1135,50.9,-49.1,0,0.14,54.756521760146434,25.27187852998351,2.9533985496660846
2026-09-07T15:50:37.571Z,1136,53.7,-46.3,0,0.115,54.756521760146434,25.27187852998351,2.9411587861851465
2026-09-07T15:50:38.575Z,1137,49.9,-50.1,0,0.051,54.756521760146434,25.27187852998351,2.9471116449110744
2026-09-07T15:50:39.579Z,1138,49.6,-50.4,0,0.033,54.756521760146434,25.27187852998351,2.942911145597255
2026-09-07T15:50:40.583Z,1139,51.7,-48.3,0.5,0.475,54.75652899501878,25.27187954387503,2.9673175863029395
2026-09-07T15:50:41.587Z,1140,50,-50,1.7,0.88,54.75653442859276,25.27188343838149,2.9189517052861578
2026-09-07T15:50:42.591Z,1141,51.4,-48.6,3.9,1.478,54.756545082213194,25.271889382683874,2.8824869202289225
2026-09-07T15:50:43.595Z,1142,59.4,-40.6,8.2,1.806,54.75656768684038,25.27189991058148,2.8718823676023053
2026-09-07T15:50:44.599Z,1143,58.8,-41.2,13.9,1.541,54.756604642414956,25.27191933920533,2.833579544213616
2026-09-07T15:50:45.603Z,1144,59.7,-40.3,20.5,1.409,54.75665688525801,25.271946597751597,2.8092723186158874
2026-09-07T15:50:46.608Z,1145,59.9,-40.1,26.2,1.291,54.75672218676639,25.271977701952117,2.7994268401620785
2026-09-07T15:50:47.611Z,1146,67.7,-32.3,31.2,1.608,54.75679872024327,25.27201388834442,2.7722595477328795
2026-09-07T15:50:48.615Z,1147,61.7,-38.3,35.6,0.788,54.75688585620111,25.272050644239552,2.563864184307073
2026-09-07T15:50:49.620Z,1148,67.5,-32.5,39.5,1.749,54.75698209616711,25.27208779296501,2.48531908196911
2026-09-07T15:50:50.624Z,1149,62.3,-37.7,42.8,0.998,54.75708768464434,25.27211683422295,2.2783390693956616
2026-09-07T15:50:51.628Z,1150,63.4,-36.6,45.3,1.056,54.757202680593686,25.272138805466295,2.1460622667889684
2026-09-07T15:50:52.631Z,1151,62.5,-37.5,47.7,0.795,54.757324107745006,25.272156260184104,2.073600703291527
2026-09-07T15:50:53.635Z,1152,62.5,-37.5,50.1,0.64,54.75744963522553,25.27216681522329,2.0362107100854807
2026-09-07T15:50:54.640Z,1153,70.8,-29.2,52.1,0.38,54.757580387025186,25.272170271337437,2.0172599101164
2026-09-07T15:50:55.643Z,1154,57.6,-42.4,53.4,0.453,54.757713893506654,25.27216367522095,2.140965515152675
2026-09-07T15:50:56.648Z,1155,62.3,-37.7,54.4,0.519,54.757850826994684,25.272156609177635,2.158755873015812
2026-09-07T15:50:57.651Z,1156,66.6,-33.4,54.9,0.71,54.757989110939754,25.272146131486895,2.0707521066352577
2026-09-07T15:50:58.655Z,1157,58.9,-41.1,54.4,0.573,54.75812448986594,25.27213909978491,2.7310566226916935
2026-09-07T15:50:59.660Z,1158,54.5,-45.5,55.8,0.483,54.75826410022804,25.27213054542231,2.327262393530053
2026-09-07T15:51:00.664Z,1159,54.3,-45.7,57.6,0.377,54.75840932268865,25.27211993758345,2.3177573032075856
2026-09-07T15:51:01.667Z,1160,59.1,-40.9,59.9,0.408,54.75855925972366,25.272105937006177,2.490471086322897
2026-09-07T15:51:02.672Z,1161,57.9,-42.1,61.9,0.376,54.758715281643944,25.272091205206735,2.8877739148247197
2026-09-07T15:51:03.676Z,1162,54.7,-45.3,64.2,0.096,54.75887561704664,25.272077551938878,2.984686371744681
2026-09-07T15:51:04.680Z,1163,57.7,-42.3,66.2,0.679,54.75904293791679,25.27206507374221,2.5656393616028987
2026-09-07T15:51:05.684Z,1164,57.6,-42.4,66,0.26,54.759209286327746,25.272053172673566,2.240980020382168
2026-09-07T15:51:06.688Z,1165,60.1,-39.9,64.9,0.147,54.759369830205834,25.272042692112347,2.090773029203139
2026-09-07T15:51:07.692Z,1166,60.3,-39.7,64.9,0.657,54.75953108893162,25.272030543846597,2.24553505997659
2026-09-07T15:51:08.696Z,1167,61.3,-38.7,65.5,0.702,54.75969524776811,25.272017405478568,2.417094503953341
2026-09-07T15:51:09.700Z,1168,56.4,-43.6,64.4,0.406,54.75985523483748,25.272007534944823,2.3129621982128317
2026-09-07T15:51:10.704Z,1169,57.5,-42.5,63.5,0.462,54.76001230099603,25.271993106776026,2.1211876719879728
2026-09-07T15:51:11.708Z,1170,56.8,-43.2,63.3,0.482,54.760169879301294,25.27197942678615,2.5587545399787053
2026-09-07T15:51:12.712Z,1171,59.7,-40.3,62.3,0.758,54.760326263996994,25.271965289914665,2.5438836723716376
2026-09-07T15:51:13.716Z,1172,58.8,-41.2,61.2,0.274,54.76047820902341,25.271954709106904,2.216812066044647
2026-09-07T15:51:14.720Z,1173,58.1,-41.9,61.2,0.606,54.76063127133011,25.271944376854364,2.6233232491274356
2026-09-07T15:51:15.724Z,1174,58.2,-41.8,60.7,0.877,54.76078404265907,25.271933340265768,3.269041324206358
2026-09-07T15:51:16.728Z,1175,54.8,-45.2,58.5,0.844,54.76092857536972,25.271921650128945,4.113330337194757
2026-09-07T15:51:17.733Z,1176,61.8,-38.2,56.6,0.489,54.761071400306335,25.27191024350072,4.228561667570193
2026-09-07T15:51:18.736Z,1177,56.7,-43.3,55.2,1.045,54.76120996752363,25.271897298476247,3.3416777871540404
2026-09-07T15:51:19.740Z,1178,57.2,-42.8,52.9,1.033,54.7613383991445,25.2718891889968,3.181142580568181
2026-09-07T15:51:20.744Z,1179,58.7,-41.3,50.4,0.881,54.761462923114514,25.271878965034826,3.3079033786752783
2026-09-07T15:51:21.749Z,1180,60.6,-39.4,47.2,0.677,54.76157715127126,25.271870532661524,3.29908933656601
2026-09-07T15:51:22.752Z,1181,62.1,-37.9,45.5,1.154,54.76169224532255,25.271862229448022,3.476345982420286
2026-09-07T15:51:23.756Z,1182,57.4,-42.6,43.1,1.185,54.76179777632029,25.271860796897553,3.2959726674834746
2026-09-07T15:51:24.761Z,1183,54.2,-45.8,39.1,0.781,54.761894348498764,25.27186306591634,3.3562101545119636
2026-09-07T15:51:25.765Z,1184,65.8,-34.2,36.4,0.779,54.761983834507504,25.271870470172118,3.964833295492674
2026-09-07T15:51:26.768Z,1185,61.9,-38.1,33.7,0.466,54.76206403983379,25.271885711158323,4.277874370583604
2026-09-07T15:51:27.772Z,1186,56.4,-43.6,31.6,0.387,54.76214272879707,25.271896328855863,3.7678474062634453
2026-09-07T15:51:28.776Z,1187,57.4,-42.6,30.2,0.4,54.762217285121274,25.27190313680191,4.907762759711608
2026-09-07T15:51:29.781Z,1188,58.6,-41.4,30,0.535,54.76229291156997,25.271905269614503,4.075006841347826
2026-09-07T15:51:30.784Z,1189,57,-43,30.3,0.049,54.76237116679885,25.271902010630264,3.4413862360974754
2026-09-07T15:51:31.788Z,1190,61,-39,31,0.429,54.76244982697145,25.27189841652421,3.314976455307458
2026-09-07T15:51:32.793Z,1191,55,-45,31.2,1.307,54.76252901036349,25.271889932446964,3.5043674644377614
2026-09-07T15:51:33.798Z,1192,55.2,-44.8,29,0.268,54.762603570465465,25.27188591818779,3.494441940215072
2026-09-07T15:51:34.801Z,1193,53.1,-46.9,25.4,0.105,54.762664108338335,25.271886221579447,3.525377532910422
2026-09-07T15:51:35.805Z,1194,51.5,-48.5,24.6,0.19,54.76272610885528,25.271886973282005,3.6147833231311868
2026-09-07T15:51:36.810Z,1195,58.1,-41.9,24.1,0.271,54.762786154983075,25.271888613825304,3.305161036519658
2026-09-07T15:51:37.814Z,1196,58,-42,23.4,0.253,54.76284421888642,25.271885470095622,3.6081922969435976
2026-09-07T15:51:38.817Z,1197,55.4,-44.6,22.4,0.187,54.76289554977551,25.271891049065697,3.5309416116123575
2026-09-07T15:51:39.821Z,1198,54.8,-45.2,22.4,0.121,54.76295371782217,25.271882971832166,3.663670362999851
2026-09-07T15:51:40.826Z,1199,58,-42,21.8,0.596,54.76301146112767,25.271876605631224,3.8460205853515443
2026-09-07T15:51:41.830Z,1200,58,-42,20.7,0.274,54.763063305458196,25.271875366786805,4.160452312851725
2026-09-07T15:51:42.833Z,1201,53.2,-46.8,17.9,0.28,54.76310704938595,25.271874416830485,4.0525295155921786
2026-09-07T15:51:43.838Z,1202,51.3,-48.7,16.3,0.151,54.76314649546194,25.271871671205105,3.9565072757395137
2026-09-07T15:51:44.842Z,1203,51.5,-48.5,15.1,0.068,54.76318222131116,25.271874248073185,3.8018520744372717
2026-09-07T15:51:45.846Z,1204,55.3,-44.7,14.3,0.123,54.76321692545941,25.27187171510506,3.64427851266719
2026-09-07T15:51:46.850Z,1205,48,-52,13.3,0.1,54.76324948215264,25.27187003770448,3.5758974599106383
2026-09-07T15:51:47.854Z,1206,53,-47,13.1,0.123,54.76328498433016,25.271865988420085,3.568187101356709
2026-09-07T15:51:48.858Z,1207,45.7,-54.3,12.6,0.479,54.76331553625108,25.271861453450956,3.578492076994067
2026-09-07T15:51:49.863Z,1208,53.2,-46.8,12.5,0.324,54.76334658314991,25.271859944469178,3.528992134335867
2026-09-07T15:51:50.866Z,1209,48.5,-51.5,13.3,0.522,54.763380742717075,25.27185660704555,3.4719693041304573
2026-09-07T15:51:51.870Z,1210,47.8,-52.2,14.8,0.276,54.76341823954139,25.27185662284658,3.4377592307680893
2026-09-07T15:51:52.874Z,1211,54.5,-45.5,15.6,0.485,54.763455996487544,25.271858991691303,3.689588279114321
2026-09-07T15:51:53.879Z,1212,49.7,-50.3,15.1,1.109,54.763494289717194,25.27185902272636,3.6918696912162408
2026-09-07T15:51:54.883Z,1213,46.5,-53.5,13.5,0.549,54.763528224724034,25.271854915895634,3.624671536679861
2026-09-07T15:51:55.886Z,1214,45.4,-54.6,10,0.127,54.76355181956958,25.271852053161485,3.5937824793952733
2026-09-07T15:51:56.891Z,1215,47,-53,6.9,0.471,54.76356631043621,25.271855380132912,3.5834093909812084
2026-09-07T15:51:57.895Z,1216,41.2,-58.8,5.9,0.694,54.763581625826774,25.271852053255948,3.6285171609827973
2026-09-07T15:51:58.899Z,1217,43.1,-56.9,4.1,0.12,54.76359278267566,25.271851721161728,3.582833024631726
2026-09-07T15:51:59.903Z,1218,55.6,-44.4,1,0.41,54.76359090957013,25.271856117881647,3.616725500465558
2026-09-07T15:52:00.907Z,1219,51.7,-48.3,0.4,0.248,54.7635907872786,25.2718532131255,3.593520180316819
2026-09-07T15:52:01.911Z,1220,43.5,-56.5,0.4,0.149,54.76359119360747,25.27185466045027,3.625805486510527
2026-09-07T15:52:02.915Z,1221,39.7,-60.3,0.4,0.162,54.76359427304634,25.271852066847952,3.669459572745223
2026-09-07T15:52:03.918Z,1222,39.9,-60.1,0,0.119,54.763593602963546,25.271852090517154,3.7684694078783583
2026-09-07T15:52:04.923Z,1223,37.2,-62.8,0,0.117,54.763593602963546,25.271852090517154,3.7813848731475943
2026-09-07T15:52:05.927Z,1224,39.7,-60.3,0,0.025,54.763593602963546,25.271852090517154,3.8442547767993185
2026-09-07T15:52:06.932Z,1225,41.5,-58.5,0,0.037,54.763593602963546,25.271852090517154,3.833815111455352
2026-09-07T15:52:07.935Z,1226,42.4,-57.6,0,0.024,54.763593602963546,25.271852090517154,3.7714493800983244
2026-09-07T15:52:08.939Z,1227,37.8,-62.2,0,0.044,54.763593602963546,25.271852090517154,3.7356214482779944
2026-09-07T15:52:09.944Z,1228,40,-60,0,0.034,54.763593602963546,25.271852090517154,3.738375792978073
2026-09-07T15:52:10.948Z,1229,40.7,-59.3,0,0.033,54.763593602963546,25.271852090517154,3.7428459768057047
2026-09-07T15:52:11.951Z,1230,42.1,-57.9,0,0.042,54.763593602963546,25.271852090517154,3.8156204026173683
2026-09-07T15:52:12.955Z,1231,42.5,-57.5,0,0.056,54.763593602963546,25.271852090517154,3.8384722125682122
2026-09-07T15:52:13.959Z,1232,40.6,-59.4,0,0.01,54.763593602963546,25.271852090517154,3.9014500911289574
2026-09-07T15:52:14.963Z,1233,40.7,-59.3,0,0.01,54.763593602963546,25.271852090517154,3.9014500911289574
2026-09-07T15:52:15.968Z,1234,40,-60,0,0.01,54.763593602963546,25.271852090517154,3.9014500911289574
2026-09-07T15:52:16.971Z,1235,42.8,-57.2,0,0.101,54.763593602963546,25.271852090517154,3.983059720348098
2026-09-07T15:52:17.975Z,1236,44.6,-55.4,0,0.043,54.763593602963546,25.271852090517154,4.085954570589268
2026-09-07T15:52:18.979Z,1237,45.3,-54.7,0,0.059,54.763593602963546,25.271852090517154,4.0231797136563365
2026-09-07T15:52:19.984Z,1238,45.5,-54.5,0,0.059,54.763593602963546,25.271852090517154,4.0231797136563365
2026-09-07T15:52:20.987Z,1239,41.1,-58.9,0,0.026,54.763593602963546,25.271852090517154,4.008348046508445
2026-09-07T15:52:21.991Z,1240,40.6,-59.4,0,0.012,54.763593602963546,25.271852090517154,3.907930644183023
2026-09-07T15:52:22.996Z,1241,42.5,-57.5,0,0.044,54.763593602963546,25.271852090517154,3.909787812285078
2026-09-07T15:52:24.000Z,1242,44,-56,0,0.026,54.763593602963546,25.271852090517154,3.930151237387819
2026-09-07T15:52:25.003Z,1243,38,-62,0,0.019,54.763593602963546,25.271852090517154,3.8761939418975495
2026-09-07T15:52:26.007Z,1244,41.2,-58.8,0,0.03,54.763593602963546,25.271852090517154,3.848359879214922
2026-09-07T15:52:27.012Z,1245,45.1,-54.9,0,0.04,54.763593602963546,25.271852090517154,3.7860688983580504
2026-09-07T15:52:28.016Z,1246,45.9,-54.1,0,0.02,54.763593602963546,25.271852090517154,3.7672894595254367
2026-09-07T15:52:29.019Z,1247,44.4,-55.6,0,0.029,54.763593602963546,25.271852090517154,3.7451773036082114
2026-09-07T15:52:30.024Z,1248,40.7,-59.3,0,0.072,54.763593602963546,25.271852090517154,3.6773794018257333
2026-09-07T15:52:31.028Z,1249,44.2,-55.8,0,0.037,54.763593602963546,25.271852090517154,3.6514816235329968
2026-09-07T15:52:32.032Z,1250,40.2,-59.8,0,0.036,54.763593602963546,25.271852090517154,3.715743068769677
2026-09-07T15:52:33.036Z,1251,45.2,-54.8,0,0.02,54.763593602963546,25.271852090517154,3.6694708220835435
2026-09-07T15:52:34.040Z,1252,42.4,-57.6,0,0.032,54.763593602963546,25.271852090517154,3.718464734844579
2026-09-07T15:52:35.044Z,1253,43.4,-56.6,0,0.034,54.763593602963546,25.271852090517154,3.7027990122581826
2026-09-07T15:52:36.048Z,1254,50.9,-49.1,0,0.033,54.763593602963546,25.271852090517154,3.6492439341547183
2026-09-07T15:52:37.052Z,1255,48.4,-51.6,0,0.02,54.763593602963546,25.271852090517154,3.598244418451595
2026-09-07T15:52:38.056Z,1256,45.6,-54.4,0,0.02,54.763593602963546,25.271852090517154,3.5435781779753035
2026-09-07T15:52:39.060Z,1257,44.6,-55.4,0,0.037,54.763593602963546,25.271852090517154,3.5435781779753035
2026-09-07T15:52:40.065Z,1258,44.9,-55.1,0,0.037,54.763593602963546,25.271852090517154,3.5435781779753035
2026-09-07T15:52:41.068Z,1259,48.2,-51.8,0,0.047,54.763593602963546,25.271852090517154,3.5908774117411295
2026-09-07T15:52:42.073Z,1260,43.3,-56.7,0,0.047,54.763593602963546,25.271852090517154,3.5908774117411295
2026-09-07T15:52:43.076Z,1261,44.1,-55.9,0,0.046,54.763593602963546,25.271852090517154,3.5429680198168483
2026-09-07T15:52:44.080Z,1262,44.6,-55.4,0,0.029,54.763593602963546,25.271852090517154,3.5660866556226654
2026-09-07T15:52:45.084Z,1263,48.6,-51.4,0,0.038,54.763593602963546,25.271852090517154,3.618244784667297
2026-09-07T15:52:46.089Z,1264,45.4,-54.6,0,0.015,54.763593602963546,25.271852090517154,3.5703591839930557
2026-09-07T15:52:47.092Z,1265,48.7,-51.3,0,0.032,54.763593602963546,25.271852090517154,3.492673208440979
2026-09-07T15:52:48.096Z,1266,43.4,-56.6,0,0.168,54.763593602963546,25.271852090517154,3.501216084938311
2026-09-07T15:52:49.100Z,1267,49.4,-50.6,0,0.223,54.763593602963546,25.271852090517154,3.4756287742766414
2026-09-07T15:52:50.105Z,1268,43.3,-56.7,0.2,0.245,54.763607136008424,25.271841797499988,3.527415756801545
2026-09-07T15:52:51.108Z,1269,44.1,-55.9,0.1,0.688,54.763607795173264,25.27184226251884,3.571406027542791
2026-09-07T15:52:52.112Z,1270,51.7,-48.3,1.9,0.912,54.763614587931805,25.271840871900764,3.5022319862703237
2026-09-07T15:52:53.116Z,1271,48,-52,4.9,1.213,54.76362823968323,25.271838856842884,3.5024824155112793
2026-09-07T15:52:54.121Z,1272,51.5,-48.5,8.9,1.264,54.763652760858996,25.27183875803592,3.5669722668316144
2026-09-07T15:52:55.124Z,1273,49.6,-50.4,13.1,0.823,54.76368930523589,25.271836307359973,3.5661329353445597
2026-09-07T15:52:56.128Z,1274,57,-43,17.5,1.141,54.7637378768925,25.271834212543762,3.6098992491192914
2026-09-07T15:52:57.133Z,1275,57.3,-42.7,21.4,0.182,54.76379265062085,25.271832364045487,3.613103657727347
2026-09-07T15:52:58.137Z,1276,56.5,-43.5,23.9,0.381,54.763854844233975,25.271829435461097,3.555090293222471
2026-09-07T15:52:59.140Z,1278,55.4,-44.6,23.2,0.051,54.76391360766938,25.271825272921234,3.461656226047004
2026-09-07T15:53:00.144Z,1279,53.4,-46.6,23.6,0.422,54.76397296191967,25.271822656291675,3.3528156183945708
2026-09-07T15:53:01.149Z,1280,56.5,-43.5,23.6,0.259,54.76397296191967,25.271822656291675,3.3528156183945708
2026-09-07T15:53:02.153Z,1281,59.5,-40.5,25.5,0.344,54.764096551400016,25.27182249653482,3.36305492074993
2026-09-07T15:53:03.157Z,1282,55.6,-44.4,27,0.107,54.764163686429505,25.271821644916603,3.4796945728854385
2026-09-07T15:53:04.161Z,1283,54,-46,27.5,0.954,54.76423428620334,25.271817973159973,3.116931058663482
2026-09-07T15:53:05.166Z,1284,49.8,-50.2,25.4,1.045,54.764295957256984,25.271817618068216,3.224846149334961
2026-09-07T15:53:06.170Z,1285,55.1,-44.9,25.4,1.274,54.764295957256984,25.271817618068216,3.224846149334961
2026-09-07T15:53:07.173Z,1286,55.8,-44.2,18.7,1.092,54.76439352199518,25.27181725430962,2.9210819556744614
2026-09-07T15:53:08.177Z,1287,45.7,-54.3,15.1,0.929,54.76442992534375,25.271817113037436,2.840039755366565
2026-09-07T15:53:09.181Z,1288,47.5,-52.5,11.2,0.842,54.76445423882505,25.27182089450452,2.908433700280802
2026-09-07T15:53:10.185Z,1289,45.7,-54.3,8.1,0.687,54.764470955804214,25.271823016704765,2.8632969675608924
2026-09-07T15:53:11.190Z,1290,45.4,-54.6,4.9,0.042,54.764480032899044,25.271825262169706,2.767375112439165
2026-09-07T15:53:12.193Z,1291,46.4,-53.6,4.9,0.042,54.764480032899044,25.271825262169706,2.767375112439165
2026-09-07T15:53:13.197Z,1292,43.1,-56.9,4.3,0.416,54.76450125996264,25.271828106006506,2.933402055898143
2026-09-07T15:53:14.202Z,1293,49.4,-50.6,3.5,0.452,54.764509277914534,25.271827585640306,2.961877158157631
2026-09-07T15:53:15.206Z,1294,37.9,-62.1,1.8,0.265,54.764510600214365,25.271830005293904,2.9438981976495797
2026-09-07T15:53:16.209Z,1295,46.3,-53.7,0.8,0.068,54.76451022047732,25.271830123365426,2.91760213350079
2026-09-07T15:53:17.213Z,1296,46.2,-53.8,0.8,0.104,54.76451022047732,25.271830123365426,2.91760213350079
2026-09-07T15:53:18.218Z,1297,37.7,-62.3,0.9,0.114,54.764510047291544,25.271829123988553,2.847711583462608
2026-09-07T15:53:19.221Z,1298,40.2,-59.8,0.9,0.067,54.764510047291544,25.271829123988553,2.847711583462608
2026-09-07T15:53:20.225Z,1299,43.2,-56.8,0,0.049,54.76450891848601,25.271829126052562,2.834728589166438
2026-09-07T15:53:21.229Z,1300,40.5,-59.5,0,0.036,54.76450891848601,25.271829126052562,2.844929653899534
2026-09-07T15:53:22.233Z,1301,38.9,-61.1,0,0.037,54.76450891848601,25.271829126052562,2.844929653899534
2026-09-07T15:53:23.238Z,1302,44.9,-55.1,0,0.035,54.76450891848601,25.271829126052562,2.9170366664147935
2026-09-07T15:53:24.241Z,1303,41,-59,0,0.089,54.76450891848601,25.271829126052562,2.9170366664147935
2026-09-07T15:53:25.245Z,1304,43.9,-56.1,0,0.028,54.76450891848601,25.271829126052562,3.091236320776232
2026-09-07T15:53:26.250Z,1305,40.9,-59.1,0,0.028,54.76450891848601,25.271829126052562,3.1129059909802215
2026-09-07T15:53:27.253Z,1306,40.3,-59.7,0,0.019,54.76450891848601,25.271829126052562,3.1448995758848386
2026-09-07T15:53:28.257Z,1307,43.7,-56.3,0,0.021,54.76450891848601,25.271829126052562,3.241512840167892
2026-09-07T15:53:29.262Z,1308,41.7,-58.3,0,0.026,54.76450891848601,25.271829126052562,3.294045730083024
2026-09-07T15:53:30.266Z,1309,42.8,-57.2,0,0.038,54.76450891848601,25.271829126052562,3.294045730083024
2026-09-07T15:53:31.270Z,1310,43.8,-56.2,0,0.03,54.76450891848601,25.271829126052562,3.351383339193482
2026-09-07T15:53:32.273Z,1311,43.5,-56.5,0,0.039,54.76450891848601,25.271829126052562,3.3852054292307736
2026-09-07T15:53:33.278Z,1312,39.1,-60.9,0,0.029,54.76450891848601,25.271829126052562,3.4693107928788005
2026-09-07T15:53:34.282Z,1313,41.7,-58.3,0,0.025,54.76450891848601,25.271829126052562,3.5325332767241866
2026-09-07T15:53:35.286Z,1314,37.4,-62.6,0,0.03,54.76450891848601,25.271829126052562,3.5194686621979097
2026-09-07T15:53:36.290Z,1315,43.8,-56.2,0,0.03,54.76450891848601,25.271829126052562,3.467484333260925
2026-09-07T15:53:37.294Z,1316,40,-60,0,0.032,54.76450891848601,25.271829126052562,3.51156472423704
2026-09-07T15:53:38.299Z,1317,43.8,-56.2,0,0.026,54.76450891848601,25.271829126052562,3.4788348308452037
2026-09-07T15:53:39.302Z,1318,42.9,-57.1,0,0.021,54.76450891848601,25.271829126052562,3.4557962752639786
2026-09-07T15:53:40.306Z,1319,44.4,-55.6,0,0.033,54.76450891848601,25.271829126052562,3.48431035115185
2026-09-07T15:53:41.310Z,1320,44,-56,0,0.024,54.76450891848601,25.271829126052562,3.447561889237265
2026-09-07T15:53:42.315Z,1321,44.5,-55.5,0,0.049,54.76450891848601,25.271829126052562,3.4710923279849966
2026-09-07T15:53:43.318Z,1322,41.9,-58.1,0,0.023,54.76450891848601,25.271829126052562,3.4170526305453457
2026-09-07T15:53:44.323Z,1323,41.5,-58.5,0,0.035,54.76450891848601,25.271829126052562,3.370995476253128
2026-09-07T15:53:45.327Z,1324,42.4,-57.6,0,0.043,54.76450891848601,25.271829126052562,3.31394454485711
2026-09-07T15:53:46.331Z,1325,46.1,-53.9,0,0.025,54.76450891848601,25.271829126052562,3.2871925962022774
2026-09-07T15:53:47.335Z,1326,44.9,-55.1,0,0.026,54.76450891848601,25.271829126052562,3.2980026448449578
2026-09-07T15:53:48.339Z,1327,43.9,-56.1,0,0.022,54.76450891848601,25.271829126052562,3.32245252276601
2026-09-07T15:53:49.343Z,1328,45,-55,0,0.022,54.76450891848601,25.271829126052562,3.291250972958981
2026-09-07T15:53:50.348Z,1329,47.6,-52.4,0,0.043,54.76450891848601,25.271829126052562,3.2334677180260325
2026-09-07T15:53:51.351Z,1330,40.7,-59.3,0,0.047,54.76450891848601,25.271829126052562,3.4350046202182574
2026-09-07T15:53:52.356Z,1331,45.9,-54.1,0,0.018,54.76450891848601,25.271829126052562,3.520035809172188
2026-09-07T15:53:53.359Z,1332,45.3,-54.7,0,0.036,54.76450891848601,25.271829126052562,3.6197596041082045
2026-09-07T15:53:54.364Z,1333,40.7,-59.3,0,0.99,54.76450891848601,25.271829126052562,3.9099773063618
2026-09-07T15:53:55.367Z,1334,47.3,-52.7,1.8,1.839,54.76451367027171,25.271833123316874,3.864364787001325
2026-09-07T15:53:56.372Z,1335,52.3,-47.7,7.1,1.525,54.76453347978351,25.271834236881343,3.7981578917948773
2026-09-07T15:53:57.376Z,1336,57.3,-42.7,12.9,1.571,54.76456973675312,25.271833338964324,3.730987418692765
2026-09-07T15:53:58.380Z,1337,55.8,-44.2,19.1,0.92,54.76462097820757,25.271830753477612,3.6721000823171526
2026-09-07T15:53:59.384Z,1338,63.5,-36.5,24.6,1.6,54.76468539741669,25.2718260790881,3.6256942950335853
2026-09-07T15:54:00.388Z,1339,64.4,-35.6,28.4,1.179,54.764757084817056,25.27181988397115,3.438442666805613
2026-09-07T15:54:01.392Z,1340,69.5,-30.5,32.8,1.533,54.764840464368454,25.271818581188555,3.1343553859590476
2026-09-07T15:54:02.396Z,1341,63,-37,37.7,1.26,54.76493701073743,25.271812893961396,2.7623062127219358
2026-09-07T15:54:03.400Z,1342,58.7,-41.3,41.8,1.308,54.76504038721614,25.271815111193508,2.6445438331164772
2026-09-07T15:54:04.404Z,1343,59.7,-40.3,46,1.391,54.76515523124423,25.271809745863486,2.824597272912146
2026-09-07T15:54:05.409Z,1344,60,-40,50.7,1.07,54.76528068066151,25.271802434982412,2.4958854537141155
2026-09-07T15:54:06.412Z,1345,59.3,-40.7,54.4,0.886,54.7654154112335,25.271790909623057,2.5435817419016646
2026-09-07T15:54:07.416Z,1346,58,-42,57.8,0.888,54.765558984369164,25.27177990330702,2.561479773295138
2026-09-07T15:54:08.420Z,1347,61.2,-38.8,61,0.742,54.76571162985752,25.271767284345355,2.2393769119357705
2026-09-07T15:54:09.425Z,1348,60.3,-39.7,61,0.742,54.76571162985752,25.271767284345355,2.2393769119357705
2026-09-07T15:54:10.428Z,1349,60.2,-39.8,66.9,0.846,54.76603806385994,25.271745550412707,2.412680013472347
2026-09-07T15:54:11.432Z,1350,57.8,-42.2,68.3,0.571,54.76620762294784,25.271736341399848,2.152430659804316
2026-09-07T15:54:12.437Z,1351,58.1,-41.9,69.2,0.368,54.76638040821935,25.27173333090637,2.115244901044352
2026-09-07T15:54:13.441Z,1352,58.5,-41.5,68.8,0.37,54.7665501762032,25.271730918215773,2.0413780754274837
2026-09-07T15:54:14.444Z,1353,59.5,-40.5,68.9,0.398,54.76672091936538,25.27172742442311,2.7966582973383884
2026-09-07T15:54:15.450Z,1354,63.2,-36.8,69.1,0.302,54.766892710083305,25.271719741936728,2.6227511012284905
2026-09-07T15:54:16.453Z,1355,60.3,-39.7,69,0.307,54.76706471277894,25.271715622179734,2.3487317544305104
2026-09-07T15:54:17.457Z,1356,56.4,-43.6,70.1,0.523,54.76724026239257,25.271709774219403,2.1222331819312763
2026-09-07T15:54:18.461Z,1357,62,-38,70.2,0.424,54.76741555037805,25.271705550567898,2.0424038260266273
2026-09-07T15:54:19.465Z,1358,60.3,-39.7,69.6,0.044,54.76758891962184,25.271701523638495,2.0146670197084227
2026-09-07T15:54:20.469Z,1359,59.8,-40.2,70.5,0.357,54.767765158390795,25.271699050744445,2.0051289117480793
2026-09-07T15:54:21.473Z,1360,60.6,-39.4,71.3,0.602,54.767943590843664,25.271693268605773,2.1634626959283803
2026-09-07T15:54:22.477Z,1361,60.4,-39.6,72.5,0.437,54.768123552216785,25.271688531687023,2.0557300643628786
2026-09-07T15:54:23.481Z,1362,58.2,-41.8,73.1,0.15,54.76830621826721,25.27168508550364,2.5091036732734158
2026-09-07T15:54:24.485Z,1363,53.5,-46.5,72.9,0.328,54.768487157085225,25.27168308847237,2.56540735988345
2026-09-07T15:54:25.489Z,1364,60.9,-39.1,72.1,0.342,54.768666834369355,25.2716806568746,2.2446661043361016
2026-09-07T15:54:26.493Z,1365,56.3,-43.7,71.3,0.354,54.76884425222636,25.271679216933247,2.5664853308425597
2026-09-07T15:54:27.497Z,1366,60.1,-39.9,70.5,0.412,54.769018824427675,25.271677471906877,3.0005146591351033
2026-09-07T15:54:28.501Z,1367,65.2,-34.8,69.3,0.771,54.76919189263903,25.271672775361544,2.5342764763828542
2026-09-07T15:54:29.506Z,1368,60.5,-39.5,69.3,0.206,54.769363770003885,25.271669537256837,2.188220471618013
2026-09-07T15:54:30.510Z,1369,65.5,-34.5,70.5,0.755,54.76953928727851,25.271665736042706,2.066090708183972
2026-09-07T15:54:31.513Z,1370,65.9,-34.1,71.6,0.131,54.769716756960904,25.271661955841523,2.0229238964991425
2026-09-07T15:54:32.517Z,1371,60,-40,72.3,0.298,54.769896549219915,25.271658082802933,2.077210432713669
2026-09-07T15:54:33.522Z,1372,61.1,-38.9,72.8,0.176,54.77007767916079,25.271655842464526,2.0256840704908283
2026-09-07T15:54:34.526Z,1373,58.5,-41.5,73,0.344,54.77025940335169,25.271654399132483,2.0128420012583548
2026-09-07T15:54:35.529Z,1374,59.6,-40.4,73.2,0.449,54.770441753380986,25.27165376256873,2.1357550977084494
2026-09-07T15:54:36.534Z,1375,61,-39,73.6,0.264,54.77062477413412,25.271656781081184,2.0678775026348384
2026-09-07T15:54:37.538Z,1376,59.3,-40.7,74,0.198,54.770809322108384,25.271662620640107,2.022142607175225
2026-09-07T15:54:38.541Z,1377,56.7,-43.3,74.2,0.234,54.77099399793469,25.271670772166342,2.129142080655557
2026-09-07T15:54:39.545Z,1378,57.9,-42.1,74.3,0.481,54.77117913107621,25.271681115298513,2.041315076713525
2026-09-07T15:54:40.550Z,1379,60.8,-39.2,74.4,0.513,54.77136502032136,25.271694812499796,2.0365196526477924
2026-09-07T15:54:41.554Z,1380,62.3,-37.7,75.5,0.595,54.77155372751031,25.2717119160543,2.364892110376942
2026-09-07T15:54:42.558Z,1381,59.8,-40.2,77.5,0.544,54.77174752271115,25.271733224394062,2.1824459890677974
2026-09-07T15:54:43.562Z,1382,64.1,-35.9,80,0.47,54.77194802582827,25.271759585719384,2.2135646584122908
2026-09-07T15:54:44.566Z,1383,65.5,-34.5,82.1,0.274,54.77215357657573,25.271791513520565,2.1067822445623996
2026-09-07T15:54:45.570Z,1384,63.5,-36.5,82.6,0.731,54.77235767963089,25.271827942961398,2.02887027570915
2026-09-07T15:54:46.574Z,1385,63.3,-36.7,82.6,0.443,54.77256256263993,25.27186760360635,2.014435079890513
2026-09-07T15:54:47.578Z,1386,57.7,-42.3,82.7,0.62,54.772768004056694,25.271910210939566,2.003796695663378
2026-09-07T15:54:48.582Z,1387,60,-40,81.7,0.555,54.77297028968454,25.27195535082199,2.145732285354518
2026-09-07T15:54:49.586Z,1388,57.3,-42.7,80.4,0.436,54.77316871406139,25.272005273374305,3.2264687332849245
2026-09-07T15:54:50.590Z,1389,60.3,-39.7,80.4,0.32,54.77336701314769,25.27206114706247,3.804596605699118
2026-09-07T15:54:51.594Z,1390,58.8,-41.2,80.3,0.117,54.7735644572689,25.272119497057663,2.681206800126264
2026-09-07T15:54:52.598Z,1391,54.6,-45.4,80.4,0.38,54.77376271450518,25.272181615407977,2.340603325597275
2026-09-07T15:54:53.602Z,1392,61.8,-38.2,80,0.24,54.7739590314901,25.272246243905993,2.5224908994393775
2026-09-07T15:54:54.607Z,1393,56.3,-43.7,79.9,0.25,54.77415425083332,25.27231519701736,2.2612453761067948
2026-09-07T15:54:55.610Z,1394,59.7,-40.3,80,0.174,54.77435048620669,25.27238575701286,2.166614156092549
2026-09-07T15:54:56.614Z,1395,62.5,-37.5,80.2,0.534,54.77454624729046,25.27245963418573,2.083306994006522
2026-09-07T15:54:57.618Z,1396,66.1,-33.9,80.7,0.49,54.77474312653671,25.272539713213817,2.238949779905228
2026-09-07T15:54:58.623Z,1397,59.1,-40.9,81.5,0.705,54.77494157690254,25.27262034389542,2.1194747994900727
2026-09-07T15:54:59.626Z,1398,61.3,-38.7,81.8,0.217,54.77514026952066,25.272701011040645,2.0322673499411064
2026-09-07T15:55:00.630Z,1399,60.5,-39.5,82,0.641,54.77533974436714,25.272784962888817,2.0161336076142637
2026-09-07T15:55:01.634Z,1400,64.8,-35.2,81.7,0.376,54.77553832238761,25.27286915423917,2.44049226371399
2026-09-07T15:55:02.639Z,1401,58.8,-41.2,80.4,0.229,54.77573275463316,25.272949028183735,2.2202460375846025
2026-09-07T15:55:03.643Z,1402,60.6,-39.4,79.1,0.565,54.77592550611079,25.273026576885357,2.710182631292156
2026-09-07T15:55:04.646Z,1403,60.8,-39.2,77.6,0.62,54.776112236695525,25.273106917772903,2.5906467601409338
2026-09-07T15:55:05.651Z,1404,59,-41,76.3,0.762,54.77629751051709,25.273182702689347,2.26513633919044
2026-09-07T15:55:06.655Z,1405,58.3,-41.7,74.8,0.368,54.776478894306685,25.273258855551106,2.3749539458337017
2026-09-07T15:55:07.659Z,1406,54.1,-45.9,73.4,0.332,54.77665650169892,25.27333326497135,2.6577700027187494
2026-09-07T15:55:08.662Z,1407,61.8,-38.2,72.1,0.619,54.77683043115705,25.273407136908897,2.670927175831783
2026-09-07T15:55:09.667Z,1408,60.8,-39.2,72.9,0.099,54.777007786254714,25.273479964310358,3.0519534199517313
2026-09-07T15:55:10.671Z,1409,63.1,-36.9,73.4,0.6,54.77718705134913,25.273553078302335,2.5259766766925664
2026-09-07T15:55:11.675Z,1410,60.8,-39.2,72.7,0.406,54.777362961610315,25.273622933032605,2.8141488465058933
2026-09-07T15:55:12.678Z,1411,58,-42,71.2,0.593,54.77753680976172,25.273694064462646,2.480430889232967
2026-09-07T15:55:13.683Z,1412,57.1,-42.9,69.5,0.674,54.77770482187339,25.273764604359222,2.950995859947066
2026-09-07T15:55:14.687Z,1413,58.6,-41.4,67.4,0.726,54.7778695482725,25.273830525571757,2.357985790984691
2026-09-07T15:55:15.691Z,1414,55.8,-44.2,64.7,0.99,54.77802648865302,25.273897288026614,2.1307882858653833
2026-09-07T15:55:16.695Z,1415,56.4,-43.6,61.4,0.897,54.77817508561302,25.27396374348762,2.228430186944924
2026-09-07T15:55:17.699Z,1416,62.6,-37.4,57.9,0.899,54.77831417970198,25.274030041342147,2.3694388926418575
2026-09-07T15:55:18.703Z,1417,59.2,-40.8,54.7,1.071,54.7784468735006,25.274090980624564,2.2915005500283234
2026-09-07T15:55:19.708Z,1418,56.2,-43.8,51.4,0.964,54.77857129708403,25.274142297392753,2.630363849250405
2026-09-07T15:55:20.711Z,1419,53,-47,48.1,1.282,54.77868840163859,25.274183011271408,2.2967359488857784
2026-09-07T15:55:21.715Z,1420,61.9,-38.1,43.5,1.098,54.77879569874282,25.274220685226663,2.4890344435255285
2026-09-07T15:55:22.720Z,1421,60.9,-39.1,37.8,1.088,54.77888573566808,25.274254340925243,2.3615554284372338
2026-09-07T15:55:23.723Z,1422,60.7,-39.3,37.8,1.396,54.77888573566808,25.274254340925243,2.3615554284372338
2026-09-07T15:55:24.727Z,1423,51.7,-48.3,26.6,1.228,54.77903578717146,25.274309788200256,2.386640214583907
2026-09-07T15:55:25.731Z,1424,48,-52,20.3,0.921,54.7790870951315,25.274328172167323,3.2195537952698214
2026-09-07T15:55:26.735Z,1425,49.7,-50.3,15.4,0.941,54.77912532905844,25.274342731134766,3.045095572233808
2026-09-07T15:55:27.739Z,1426,39.8,-60.2,9.6,0.514,54.77914500918765,25.27435331951653,2.964364218245678
2026-09-07T15:55:28.743Z,1427,40.9,-59.1,5.3,0.141,54.77915965317737,25.274358270326736,2.9520688380207627
2026-09-07T15:55:29.747Z,1428,44.3,-55.7,2.8,0.243,54.77916875401381,25.274362191422107,2.920603614830263
2026-09-07T15:55:30.752Z,1429,42.7,-57.3,1.8,0.146,54.77917549778323,25.27436420607123,2.839491250454937
2026-09-07T15:55:31.756Z,1430,46,-54,1.4,0.099,54.779180808716085,25.274362974131915,2.7462144448221135
2026-09-07T15:55:32.759Z,1431,38.2,-61.8,0.8,0.19,54.7791842584746,25.274362530835212,2.6715930004399686
2026-09-07T15:55:33.763Z,1432,40.2,-59.8,0.3,0.246,54.77918563570972,25.27436599657076,2.6117165296537377
2026-09-07T15:55:34.767Z,1433,44.3,-55.7,0.2,0.254,54.77918443054984,25.27436749758519,2.5607401522564284
2026-09-07T15:55:35.771Z,1434,40.5,-59.5,0.1,0.211,54.77918244868968,25.27436914772078,2.5176062945321527
2026-09-07T15:55:36.776Z,1435,39.8,-60.2,0.1,0.183,54.779182274049404,25.27437086358803,2.480634416324774
2026-09-07T15:55:37.780Z,1436,45.2,-54.8,0.1,0.183,54.77918153670032,25.27437412298498,2.477044978132606
2026-09-07T15:55:38.784Z,1437,43.8,-56.2,0.1,0.168,54.77918304599348,25.27437609457255,2.4472296669112414
2026-09-07T15:55:39.787Z,1438,42.4,-57.6,0.1,0.068,54.779182606013045,25.274377777239927,2.4209220394923094
2026-09-07T15:55:40.792Z,1439,43.4,-56.6,0,0.057,54.77918257619199,25.274377758803322,2.4111749621726264
2026-09-07T15:55:41.796Z,1440,41.8,-58.2,0,0.017,54.77918257619199,25.274377758803322,2.4123888316312896
2026-09-07T15:55:42.800Z,1441,43.7,-56.3,0,0.02,54.77918257619199,25.274377758803322,2.455292151876474
2026-09-07T15:55:43.804Z,1442,43.3,-56.7,0,0.024,54.77918257619199,25.274377758803322,2.43252754428265
2026-09-07T15:55:44.808Z,1443,50.1,-49.9,0,0.051,54.77918257619199,25.274377758803322,2.4109011670685176
2026-09-07T15:55:45.812Z,1444,42,-58,0,0.299,54.77918257619199,25.274377758803322,2.486866241487956
2026-09-07T15:55:46.816Z,1445,47.9,-52.1,0,0.179,54.77918257619199,25.274377758803322,2.5272377396433994
2026-09-07T15:55:47.820Z,1446,44.6,-55.4,1.1,0.485,54.77918323545095,25.274380431207096,2.508720404643784
2026-09-07T15:55:48.825Z,1447,48.2,-51.8,1.6,0.86,54.779188586848406,25.27438003057516,2.4832843829362736
2026-09-07T15:55:49.829Z,1448,47,-53,4,1.569,54.77919736251614,25.274383524763337,2.4894754361745752
2026-09-07T15:55:50.832Z,1449,50.4,-49.6,7.5,1.637,54.779218703589194,25.27438964547145,2.4650016524304723
2026-09-07T15:55:51.837Z,1450,58.3,-41.7,13.2,1.56,54.779253529579435,25.27439894521181,2.4417515533891625
2026-09-07T15:55:52.841Z,1451,60.7,-39.3,19.3,1.281,54.77930335283664,25.274413942369037,2.4196639606732235
2026-09-07T15:55:53.845Z,1452,68.7,-31.3,24.7,1.55,54.779366312623495,25.27443274681163,2.3986807582310354
2026-09-07T15:55:54.849Z,1453,64,-36,29.6,1.723,54.77943847047471,25.27445648902054,2.356092967833246
2026-09-07T15:55:55.853Z,1454,66,-34,34.6,0.711,54.77952450825081,25.27448185869092,2.290322445168893
2026-09-07T15:55:56.857Z,1455,66.8,-33.2,39.7,1.331,54.779623822450624,25.274512719412147,2.186009629738447
2026-09-07T15:55:57.862Z,1456,60.7,-39.3,42.9,0.157,54.77972894620807,25.274545886307877,2.1061234317927524
2026-09-07T15:55:58.865Z,1457,64.6,-35.4,44.8,0.371,54.77983904245618,25.27458042075587,2.0559359302340567
2026-09-07T15:55:59.869Z,1458,55.8,-44.2,46.1,0.651,54.77995288881787,25.2746159056828,2.1392581986354124
2026-09-07T15:56:00.873Z,1459,58.8,-41.2,47.4,1.009,54.78006956046927,25.27464734927722,2.0713738286077716
2026-09-07T15:56:01.878Z,1460,61,-39,49.5,0.731,54.78019214068512,25.27468060142998,2.035260627238203
2026-09-07T15:56:02.882Z,1461,56.3,-43.7,52.6,1.117,54.7803219080377,25.274716766833556,2.016971956295009
2026-09-07T15:56:03.885Z,1462,56.5,-43.5,56.1,0.592,54.78045996366647,25.274753388088417,2.0078275470641054
2026-09-07T15:56:04.890Z,1463,58.3,-41.7,59,0.844,54.78060573960217,25.27479129908738,2.0034501318407996
2026-09-07T15:56:05.894Z,1464,58.2,-41.8,61.2,0.941,54.78075832234291,25.274829805677793,2.0014280564016658
2026-09-07T15:56:06.897Z,1465,62.2,-37.8,64,0.437,54.78091617744064,25.274864736204464,2.000582166015933
2026-09-07T15:56:07.901Z,1466,61.9,-38.1,66.3,0.612,54.781079984461684,25.274893779455585,2.000225319665486
2026-09-07T15:56:08.905Z,1467,55.3,-44.7,67.3,0.182,54.781248417980464,25.274919867995088,2.0000834245187376
2026-09-07T15:56:09.910Z,1468,56.8,-43.2,65.6,0.127,54.78140989148129,25.27494548724984,2.0000307928852044
2026-09-07T15:56:10.914Z,1469,60.3,-39.7,64.7,0.424,54.78157230977642,25.27497350717468,2.0000113724143316
2026-09-07T15:56:11.918Z,1470,58.8,-41.2,65,0.724,54.78173306404246,25.275004166127985,2.000004255991465
2026-09-07T15:56:12.922Z,1471,59.1,-40.9,67.2,0.491,54.78190170082966,25.27503226502178,2.000001532328132
2026-09-07T15:56:13.927Z,1472,60.6,-39.4,68.9,1.222,54.78207443120386,25.275064316948292,2.0000004596293173
2026-09-07T15:56:14.930Z,1473,62.2,-37.8,71,0.581,54.78225122672713,25.275094341509494,2.000000089101604
2026-09-07T15:56:15.934Z,1474,62.3,-37.7,73.5,0.959,54.7824338739296,25.27512645609571,1.9999999423613402
2026-09-07T15:56:16.938Z,1475,59.1,-40.9,75.3,1.156,54.782621981190665,25.275159095254473,2.052700821985772
2026-09-07T15:56:17.942Z,1476,60.2,-39.8,78.2,1.455,54.782816781166886,25.27519023588738,2.0263503375338154
2026-09-07T15:56:18.946Z,1477,59.5,-40.5,81.7,0.546,54.783019542164475,25.275219299430297,2.0077214092291404
2026-09-07T15:56:19.950Z,1478,60,-40,86.6,0.448,54.78323560409601,25.27524992337858,2.003860617017398
2026-09-07T15:56:20.955Z,1479,63.1,-36.9,89.3,0.699,54.783458749245355,25.275278347529294,2.0009197747280094
2026-09-07T15:56:21.959Z,1480,62.6,-37.4,89.9,0.6,54.783683469787285,25.27530304912197,2.039803371402616
2026-09-07T15:56:22.963Z,1481,63.7,-36.3,89.8,0.304,54.783907146697885,25.275327578170657,2.0083957440171685
2026-09-07T15:56:23.966Z,1482,61.3,-38.7,88.5,0.468,54.78412630319411,25.27534722454284,2.0041977713696544
2026-09-07T15:56:24.971Z,1483,64.7,-35.3,89,0.619,54.78434785287273,25.275365277093076,2.101117162029222
2026-09-07T15:56:25.974Z,1484,60.9,-39.1,90.6,0.312,54.78457385555343,25.275382971097375,2.254456449235309
2026-09-07T15:56:26.978Z,1485,59.2,-40.8,92.5,0.598,54.78480573533482,25.275397312171044,2.052419845735163
2026-09-07T15:56:27.983Z,1486,59.3,-40.7,92.5,0.573,54.7850328304143,25.2754090484374,2.036296626244294
2026-09-07T15:56:28.987Z,1487,63.8,-36.2,95.1,1.003,54.78527489065967,25.27542108622541,2.0067313077654414
2026-09-07T15:56:29.991Z,1488,62.2,-37.8,97.7,0.485,54.78552057139488,25.275428972239038,2.133737635982606
2026-09-07T15:56:30.994Z,1489,64.7,-35.3,99.6,0.388,54.78577037435887,25.275437111258128,2.021763488198713
2026-09-07T15:56:31.999Z,1490,58.8,-41.2,101.3,0.961,54.786025145015955,25.275439233928804,2.010881657500843
2026-09-07T15:56:33.003Z,1491,62,-38,100.9,0.483,54.78627726292652,25.275443548172117,2.001485454328313
2026-09-07T15:56:34.007Z,1492,58.8,-41.2,100.4,0.373,54.786530545620046,25.27544776759512,2.2312431822967524
2026-09-07T15:56:35.011Z,1493,57.2,-42.8,99.1,0.514,54.78677550371551,25.27544974595516,2.035057932588592
2026-09-07T15:56:36.015Z,1494,59,-41,98.7,0.442,54.78702062160453,25.27545142025694,2.017528864821728
2026-09-07T15:56:37.019Z,1495,62.5,-37.5,98.7,0.366,54.78726489365062,25.27545292162174,2.3776389103066857
2026-09-07T15:56:38.023Z,1496,67.6,-32.4,97.6,0.59,54.787506637956966,25.27545465504997,2.188819345420774
2026-09-07T15:56:39.027Z,1497,68.8,-31.2,96.9,0.363,54.78774708882275,25.275456948527083,2.031735524500693
2026-09-07T15:56:40.031Z,1498,58.6,-41.4,96.8,0.697,54.787987245006896,25.275460136238046,2.3602473328429068
2026-09-07T15:56:41.036Z,1499,57.7,-42.3,96.8,0.697,54.787987245006896,25.275460136238046,2.3602473328429068
2026-09-07T15:56:42.039Z,1500,62.2,-37.8,96.5,0.61,54.7887110084565,25.275470342628594,2.022367999826621
2026-09-07T15:56:43.043Z,1501,61.4,-38.6,96.7,0.24,54.788952487918664,25.275472752463696,2.01118391390574
2026-09-07T15:56:44.047Z,1502,57.7,-42.3,97,0.401,54.78919449798657,25.27547938956451,2.0876934449290854
2026-09-07T15:56:45.051Z,1503,63.6,-36.4,97,0.329,54.78919449798657,25.27547938956451,2.0876934449290854
2026-09-07T15:56:46.056Z,1504,65.5,-34.5,96.8,0.241,54.789434961456195,25.275484689765943,2.287089052621552
2026-09-07T15:56:47.059Z,1505,61.9,-38.1,98.2,0.511,54.78992184295862,25.275491080120926,2.0251011846850373
2026-09-07T15:56:48.064Z,1506,60.1,-39.9,98.7,0.411,54.790167396008556,25.275492823586223,2.360532255515967
2026-09-07T15:56:49.068Z,1507,63.7,-36.3,99.3,0.141,54.79041757364275,25.275495686690228,2.3296792760336698
2026-09-07T15:56:50.071Z,1508,63.9,-36.1,99.6,0.597,54.790666927268305,25.275500603323056,2.049773572394864
2026-09-07T15:56:51.075Z,1509,59.1,-40.9,100.1,0.443,54.79091565102471,25.275505244490898,2.024886698019794
2026-09-07T15:56:52.080Z,1510,63.1,-36.9,100.9,0.39,54.791167083803636,25.275508800313204,2.0037410555635344
2026-09-07T15:56:53.084Z,1511,60.9,-39.1,101.2,0.119,54.791419618543706,25.275514011646955,2.0018704519688084
2026-09-07T15:56:54.087Z,1512,63,-37,101.5,0.585,54.79167357647301,25.27552190450545,2.474193110564828
2026-09-07T15:56:55.091Z,1513,61,-39,101.7,0.294,54.79192793455052,25.275528623274305,2.237096472541237
2026-09-07T15:56:56.096Z,1514,61.3,-38.7,101.2,0.715,54.792180593804794,25.275530714035384,2.4156759799388565
2026-09-07T15:56:57.100Z,1515,60.4,-39.6,101.8,0.861,54.79243547086745,25.27553734243299,2.2078378833039514
2026-09-07T15:56:58.103Z,1516,61.8,-38.2,101.6,1.192,54.792689833600086,25.275539937108885,2.028383094833487
2026-09-07T15:56:59.108Z,1517,61.3,-38.7,101.6,0.932,54.792689833600086,25.275539937108885,2.028383094833487
2026-09-07T15:57:00.112Z,1518,64.4,-35.6,99,0.373,54.7931877714418,25.275546087487136,2.136938033559825
2026-09-07T15:57:01.116Z,1519,63.1,-36.9,97.9,0.369,54.79343298779872,25.275551272026302,2.088602460494565
2026-09-07T15:57:02.119Z,1520,61.5,-38.5,98.4,0.891,54.7936790626414,25.275552203129376,2.01407483924109
2026-09-07T15:57:03.123Z,1521,62,-38,101.3,1.646,54.79393155287781,25.27555679331509,2.0070373700372386
2026-09-07T15:57:04.128Z,1522,65.6,-34.4,106.8,0.618,54.79419848013942,25.275560001458807,2.000962743938511
2026-09-07T15:57:05.132Z,1523,64.5,-35.5,109.6,0.971,54.79447236637152,25.27556360689064,2.000481321200549
2026-09-07T15:57:06.137Z,1524,64.1,-35.9,112.8,0.346,54.794753088806694,25.275565786125565,2.0816686053835802
2026-09-07T15:57:07.140Z,1526,57,-43,112.6,0.878,54.79503314595496,25.275564080345855,2.1348609025251273
2026-09-07T15:57:08.145Z,1527,61.7,-38.3,112,0.591,54.79531151397373,25.275564145381285,2.0088840727221275
2026-09-07T15:57:09.149Z,1528,62.6,-37.4,112.9,0.574,54.79559334003804,25.275560517026186,2.0044419725837446
2026-09-07T15:57:10.152Z,1529,67,-33,112.6,0.949,54.795874286433914,25.275554964488848,2.0002882352120395
2026-09-07T15:57:11.156Z,1530,64.1,-35.9,112.6,0.883,54.795874286433914,25.275554964488848,2.0002882352120395
2026-09-07T15:57:12.160Z,1531,64,-36,108.9,0.563,54.796421512551994,25.275527644610506,2.040615236508946
2026-09-07T15:57:13.165Z,1532,62,-38,108.8,0.402,54.79669263932461,25.275510143712097,2.0203075349628294
2026-09-07T15:57:14.168Z,1533,65.3,-34.7,108.4,0.668,54.796962661525846,25.275490409364433,2.001872514162505
2026-09-07T15:57:15.172Z,1534,59.5,-40.5,107.7,0.155,54.79723071992614,25.275466101512087,2.0009361671266164
2026-09-07T15:57:16.176Z,1535,57.7,-42.3,107.4,0.616,54.797497219119926,25.275439224660246,2.0000961557092545
2026-09-07T15:57:17.180Z,1536,63,-37,107.9,1.341,54.79776559650026,25.275410643952366,2.000047957703598
2026-09-07T15:57:18.184Z,1537,64,-36,110.7,0.78,54.79804178810293,25.275379407238393,2.0000041678623095
2026-09-07T15:57:19.188Z,1538,66.7,-33.3,115,0.771,54.79832842084992,25.275345607713625,2.000001947249229
2026-09-07T15:57:20.193Z,1539,65.5,-34.5,118.4,0.94,54.79862359254234,25.275300838807766,1.999999890823898
2026-09-07T15:57:21.196Z,1540,67,-33,122.3,0.981,54.798925734888016,25.275253589845907,2.4533667254166405
2026-09-07T15:57:22.200Z,1541,65.4,-34.6,126,0.559,54.79923913809902,25.275199949093196,1.9999997618938294
2026-09-07T15:57:23.204Z,1542,69.2,-30.8,127.7,0.402,54.799554690914334,25.27514187205515,2.4005173143340985
2026-09-07T15:57:24.208Z,1543,62.6,-37.4,127.2,0.896,54.799868826784035,25.275080249696835,1.9999997497906437
2026-09-07T15:57:25.212Z,1544,63.6,-36.4,126.5,0.838,54.80018289209059,25.275015547929655,2.207000495384237
2026-09-07T15:57:26.216Z,1545,65.5,-34.5,124.7,0.711,54.80049161873211,25.274949203213332,1.999999743440615
2026-09-07T15:57:27.220Z,1546,66.3,-33.7,123,0.545,54.80079509508648,25.274877843219084,2.847892707870564
2026-09-07T15:57:28.225Z,1547,63.8,-36.2,120.9,1.311,54.80109466809637,25.27480246866581,1.9999997253855777
2026-09-07T15:57:29.229Z,1548,65.5,-34.5,117.5,1.265,54.801384908377244,25.27472745667546,1.9999997265184917
2026-09-07T15:57:30.232Z,1549,61.9,-38.1,113,1.383,54.80166143625182,25.274649936834738,1.9999997223613546
2026-09-07T15:57:31.236Z,1550,60.5,-39.5,108,1.482,54.801929127932034,25.27457258408429,1.999999744024392
2026-09-07T15:57:32.241Z,1551,58.2,-41.8,102.4,1.06,54.80218247792071,25.27450214199277,1.9999997449912836
2026-09-07T15:57:33.244Z,1552,62.4,-37.6,98,0.746,54.80242469596769,25.27443658237311,1.999999756534551
2026-09-07T15:57:34.248Z,1553,67.8,-32.2,94.2,0.899,54.80265898126001,25.27437323645607,1.9999997791232056
2026-09-07T15:57:35.252Z,1554,58.1,-41.9,91,0.901,54.802881761263066,25.27431281001871,2.015933113518482
2026-09-07T15:57:36.257Z,1555,59.1,-40.9,88,1.021,54.803100333105796,25.274254345727858,2.0032283485967723
2026-09-07T15:57:37.261Z,1556,55,-45,83.9,0.811,54.803307228865556,25.274199295131204,2.001614070890654
2026-09-07T15:57:38.264Z,1557,58.7,-41.3,79.8,0.425,54.80350625463584,25.274147507646035,2.000400181865503
2026-09-07T15:57:39.268Z,1558,59.5,-40.5,76.3,0.49,54.80369513486531,25.274098378227674,2.000199998418747
2026-09-07T15:57:40.273Z,1559,57.2,-42.8,72.8,1.12,54.80387734365255,25.274051107962674,2.00005946948385
2026-09-07T15:57:41.277Z,1560,54.3,-45.7,67.7,1.196,54.80404727362341,25.274006197764646,2.227751633459883
2026-09-07T15:57:42.281Z,1561,60.1,-39.9,62.3,1.425,54.80420260530766,25.273966255504593,2.205187240825733
2026-09-07T15:57:43.285Z,1562,59.7,-40.3,56.9,1.307,54.804341952478325,25.273925778391618,2.193631016357982
2026-09-07T15:57:44.289Z,1563,57.9,-42.1,50.4,1.536,54.80446663288722,25.27389236098915,2.0839373358303437
2026-09-07T15:57:45.293Z,1564,60,-40,42.8,1.207,54.80456988798056,25.273863874020325,2.181481617616635
2026-09-07T15:57:46.297Z,1565,62.7,-37.3,35.6,1.151,54.80465940699084,25.273839281065417,2.2568747357603822
2026-09-07T15:57:47.301Z,1566,57.9,-42.1,29.6,0.579,54.80473177643662,25.273819363081696,2.1466378180359116
2026-09-07T15:57:48.305Z,1567,58.7,-41.3,23.5,0.435,54.804788759986266,25.273805314625434,2.090617581189699
2026-09-07T15:57:49.309Z,1568,54.6,-45.4,18.3,3.72,54.80483443910508,25.27379213166606,2.1557023731077853
2026-09-07T15:57:50.313Z,1569,50.5,-49.5,14.4,1.628,54.804873798137784,25.273795010879493,2.1814857158455663
2026-09-07T15:57:51.318Z,1570,53.8,-46.2,10.9,1.228,54.80489270896833,25.27377559018259,2.1512380912989317
2026-09-07T15:57:52.322Z,1571,50.5,-49.5,10.9,0.716,54.80489270896833,25.27377559018259,2.1512380912989317
2026-09-07T15:57:53.325Z,1572,54.3,-45.7,5.4,0.194,54.804925256994494,25.2737662507659,2.113591813456143
2026-09-07T15:57:54.329Z,1573,51.8,-48.2,2.1,0.722,54.80492660629346,25.273765975176715,2.15124073374557
2026-09-07T15:57:55.334Z,1574,50.3,-49.7,1,0.762,54.804926858617634,25.273763635475284,2.136116663444042
2026-09-07T15:57:56.338Z,1575,48.7,-51.3,0,0.55,54.80492584671894,25.27376288553865,2.395239893631005
2026-09-07T15:57:57.342Z,1576,54.7,-45.3,0,0.657,54.80492601259214,25.273763466540757,2.4141448543162163
2026-09-07T15:57:58.346Z,1577,51.6,-48.4,0,0.608,54.80492601259214,25.273763466540757,2.5078897568902336
2026-09-07T15:57:59.351Z,1578,49.4,-50.6,0,0.543,54.80492601259214,25.273763466540757,2.484883990401038
2026-09-07T15:58:00.354Z,1579,46.7,-53.3,0,0.437,54.80492601259214,25.273763466540757,2.452558391040969
2026-09-07T15:58:01.358Z,1580,55.7,-44.3,0,0.521,54.80492601259214,25.273763466540757,2.4242734916009083
2026-09-07T15:58:02.362Z,1581,53.2,-46.8,0,0.292,54.80492601259214,25.273763466540757,2.39931622738909
2026-09-07T15:58:03.367Z,1582,50.9,-49.1,0,0.296,54.80492601259214,25.273763466540757,2.410909467860688
2026-09-07T15:58:04.370Z,1583,45.8,-54.2,0,1.832,54.80492601259214,25.273763466540757,2.3892826537627574
2026-09-07T15:58:05.374Z,1584,53,-47,0,0.334,54.80492601259214,25.273763466540757,2.370948738741036
2026-09-07T15:58:06.379Z,1585,49.9,-50.1,0,0.33,54.80492978601638,25.27376702220323,2.400912450053078
2026-09-07T15:58:07.383Z,1586,41.5,-58.5,0,2.118,54.80492978601638,25.27376702220323,2.380866827550424
2026-09-07T15:58:08.387Z,1587,45,-55,1,0.263,54.80493343289169,25.273763254360446,2.3618234779389637
2026-09-07T15:58:09.391Z,1588,45.3,-54.7,1.2,0.588,54.80493392925188,25.273762481091126,2.3437323032905653
2026-09-07T15:58:10.395Z,1589,43.4,-56.6,0,0.289,54.804930260746026,25.27376376450722,2.3355105258589597
2026-09-07T15:58:11.400Z,1590,45.5,-54.5,0,0.028,54.804930260746026,25.27376376450722,2.3320141110893173
2026-09-07T15:58:12.404Z,1591,42.9,-57.1,0,0.103,54.804930260746026,25.27376376450722,2.3312528910052346
2026-09-07T15:58:13.407Z,1592,50.5,-49.5,0,0.044,54.804930260746026,25.27376376450722,2.3146902464549726
2026-09-07T15:58:14.411Z,1593,44.2,-55.8,0,0.073,54.804930260746026,25.27376376450722,2.3435432431913488
2026-09-07T15:58:15.416Z,1594,40.9,-59.1,0,0.116,54.804930260746026,25.27376376450722,2.3263660810317814
2026-09-07T15:58:16.420Z,1595,43.1,-56.9,0,0.05,54.804930260746026,25.27376376450722,2.3233618526105424
2026-09-07T15:58:17.424Z,1596,45.3,-54.7,0,0.037,54.804930260746026,25.27376376450722,2.362791918916109
2026-09-07T15:58:18.428Z,1597,48,-52,0,0.048,54.804930260746026,25.27376376450722,2.3645818757266777
2026-09-07T15:58:19.432Z,1598,46,-54,0,0.029,54.804930260746026,25.27376376450722,2.3619341269364034
2026-09-07T15:58:20.435Z,1599,45.6,-54.4,0,0.021,54.804930260746026,25.27376376450722,2.3438374205895838
2026-09-07T15:58:21.440Z,1600,43.9,-56.1,0,0.037,54.804930260746026,25.27376376450722,2.3822383575257
2026-09-07T15:58:22.444Z,1601,42.6,-57.4,0,0.018,54.804930260746026,25.27376376450722,2.363126439649415
2026-09-07T15:58:23.448Z,1602,42.1,-57.9,0,0.013,54.804930260746026,25.27376376450722,2.383225487393329
2026-09-07T15:58:24.452Z,1603,42.1,-57.9,0,0.03,54.804930260746026,25.27376376450722,2.3875066484445435
2026-09-07T15:58:25.456Z,1604,45.6,-54.4,0,0.045,54.804930260746026,25.27376376450722,2.3681313160223163
2026-09-07T15:58:26.460Z,1605,44.1,-55.9,0,0.055,54.804930260746026,25.27376376450722,2.429512441736437
2026-09-07T15:58:27.464Z,1606,44.5,-55.5,0,0.037,54.804930260746026,25.27376376450722,2.427310049986192
2026-09-07T15:58:28.469Z,1607,44.8,-55.2,0,0.039,54.804930260746026,25.27376376450722,2.414578951467746
2026-09-07T15:58:29.472Z,1608,41.7,-58.3,0,0.016,54.804930260746026,25.27376376450722,2.3938500038943586
2026-09-07T15:58:30.476Z,1609,41.4,-58.6,0,0.039,54.804930260746026,25.27376376450722,2.374157503699641
2026-09-07T15:58:31.481Z,1610,45.7,-54.3,0,0.021,54.804930260746026,25.27376376450722,2.370860381756
2026-09-07T15:58:32.485Z,1611,43.8,-56.2,0,0.032,54.804930260746026,25.27376376450722,2.3592997419241932
2026-09-07T15:58:33.488Z,1612,40.9,-59.1,0,0.026,54.804930260746026,25.27376376450722,2.354209426348794
2026-09-07T15:58:34.492Z,1613,45.2,-54.8,0,0.029,54.804930260746026,25.27376376450722,2.347717169684407
2026-09-07T15:58:35.497Z,1614,47.9,-52.1,0,0.017,54.804930260746026,25.27376376450722,2.330331311200186
2026-09-07T15:58:36.501Z,1615,45,-55,0,0.022,54.804930260746026,25.27376376450722,2.313814745640178
2026-09-07T15:58:37.504Z,1616,60.1,-39.9,0,0.043,54.804930260746026,25.27376376450722,2.2981240083581684
2026-09-07T15:58:38.508Z,1617,55,-45,0,0.022,54.804930260746026,25.27376376450722,2.28321780794026
2026-09-07T15:58:39.513Z,1618,51.1,-48.9,0,0.031,54.804930260746026,25.27376376450722,2.269056917543247
2026-09-07T15:58:40.516Z,1619,46.3,-53.7,0,0.049,54.804930260746026,25.27376376450722,2.2665402456070978
2026-09-07T15:58:41.520Z,1620,46.7,-53.3,0,0.217,54.804930260746026,25.27376376450722,2.253213233326743
2026-09-07T15:58:42.524Z,1621,45.5,-54.5,0,0.072,54.804930260746026,25.27376376450722,2.2405525716604053
2026-09-07T15:58:43.529Z,1622,43.1,-56.9,0,0.026,54.804930260746026,25.27376376450722,2.2285249430773852
2026-09-07T15:58:44.533Z,1623,48,-52,1.6,0.653,54.80494312882679,25.273759689468402,2.21709869040044
2026-09-07T15:58:45.536Z,1624,47,-53,2.4,1.25,54.804948226088364,25.273757455024178,2.206243753335619
2026-09-07T15:58:46.540Z,1625,47.7,-52.3,5.1,1.522,54.80496173777434,25.27375357843147,2.1959315543268683
2026-09-07T15:58:47.545Z,1626,50.5,-49.5,9.6,0.804,54.804987847369325,25.27374724896697,2.214820344136811
2026-09-07T15:58:48.549Z,1627,58.5,-41.5,14.5,0.7,54.80502716269467,25.27373705614398,2.2112965290551747
2026-09-07T15:58:49.552Z,1628,63.3,-36.7,18.6,1.147,54.80507381184754,25.273722907546883,2.241590673097402
2026-09-07T15:58:50.556Z,1629,68.7,-31.3,24,0.791,54.80513897608095,25.2737084253205,2.2295111033401867
2026-09-07T15:58:51.561Z,1630,50.4,-49.6,28.3,1.528,54.80521106879517,25.273692072049265,2.203763565940104
2026-09-07T15:58:52.565Z,1631,54.6,-45.4,29.6,3.238,54.805283241656504,25.273671409269685,2.16321009983999
2026-09-07T15:58:53.568Z,1632,62.5,-37.5,27.4,3.801,54.8053457457476,25.273623625728085,2.297046188770356
2026-09-07T15:58:54.573Z,1633,54,-46,27.8,3.816,54.805402593899316,25.27358890635668,4.360747729239333
2026-09-07T15:58:55.577Z,1634,53.2,-46.8,27.7,2.371,54.80543530374543,25.2735628174134,10.519141763257071
2026-09-07T15:58:56.581Z,1635,57.2,-42.8,29.4,1.364,54.80540701879779,25.2732709945273,2.198745038505792
2026-09-07T15:58:57.584Z,1636,60.4,-39.6,33.2,1.115,54.80536373216281,25.273129971157765,2.1291382936498424
2026-09-07T15:58:58.589Z,1637,68.1,-31.9,37.6,1.037,54.805317962589534,25.272975508120744,2.078665635715112
2026-09-07T15:58:59.593Z,1638,58.4,-41.6,41.3,0.635,54.80527273652786,25.27280695091583,2.0453504137407093
2026-09-07T15:59:00.598Z,1639,63.1,-36.9,44.1,0.777,54.80522619298625,25.272630319524115,2.0239683116173377
2026-09-07T15:59:01.601Z,1640,63.1,-36.9,46.6,1.805,54.80517752904379,25.272441185334124,2.0121978066398425
2026-09-07T15:59:02.605Z,1641,62.1,-37.9,48.8,0.62,54.80512634392439,25.272247133615114,2.04655918967684
2026-09-07T15:59:03.609Z,1642,57.4,-42.6,50,0.287,54.80507396698425,25.272048225079097,2.0581424885066686
2026-09-07T15:59:04.614Z,1643,59,-41,50.5,0.146,54.805020989207314,25.271848284671577,2.0276557673751956
2026-09-07T15:59:05.617Z,1644,56.3,-43.7,50.5,0.406,54.805020989207314,25.271848284671577,2.0276557673751956
2026-09-07T15:59:06.621Z,1645,55.6,-44.4,51.3,0.322,54.8049152296783,25.271445793915447,2.006231066928376
2026-09-07T15:59:07.625Z,1646,53.6,-46.4,51.5,0.627,54.804861429528174,25.271242936858787,2.0029194270473454
2026-09-07T15:59:08.630Z,1647,51.8,-48.2,51.7,0.815,54.80480496552664,25.271040717143155,2.001359581321784
2026-09-07T15:59:09.633Z,1648,57.8,-42.2,49.8,0.854,54.804750727250294,25.270849846713457,2.0006395282721985
2026-09-07T15:59:10.638Z,1649,52.4,-47.6,47,0.891,54.80469856141048,25.270673323565823,2.000311759711353
2026-09-07T15:59:11.641Z,1650,61,-39,43.9,1.261,54.80464694174222,25.270510506212865,2.0867756747846298
2026-09-07T15:59:12.646Z,1651,53.9,-46.1,41,1.55,54.804597668739106,25.270360220266173,2.0455438031735533
2026-09-07T15:59:13.649Z,1652,49.8,-50.2,37.5,1.912,54.804549197120515,25.270226015048607,2.0247448655997733
2026-09-07T15:59:14.653Z,1653,56.5,-43.5,33,2.25,54.80450911760386,25.270109436563327,2.077397419484265
2026-09-07T15:59:15.657Z,1654,49.4,-50.6,26.9,0.124,54.80448659788597,25.270009888396757,2.0470352346008496
2026-09-07T15:59:16.662Z,1655,50,-50,24.5,2.899,54.80448533268744,25.26990412446153,2.033141541463809
2026-09-07T15:59:17.665Z,1656,52.3,-47.7,24,3.351,54.80448669561642,25.269800182067765,2.0239121990473445
2026-09-07T15:59:18.670Z,1657,54.1,-45.9,22.3,3.061,54.80446049043539,25.269714030940797,2.018550287901001
2026-09-07T15:59:19.673Z,1658,53.3,-46.7,21.4,2.836,54.804408063591815,25.269669067338334,2.014695871666838
2026-09-07T15:59:20.677Z,1659,49.5,-50.5,21.2,1.294,54.80434905665094,25.26967759648263,2.0527663882370604
2026-09-07T15:59:21.682Z,1660,55.8,-44.2,21.4,2.724,54.80429853426481,25.269726395145558,2.045226715210137
2026-09-07T15:59:22.686Z,1661,62.1,-37.9,23.6,1.899,54.80424432291705,25.269776866017228,2.0389953175539235
2026-09-07T15:59:23.690Z,1662,61,-39,29.2,1.111,54.80416559625119,25.269783587997075,2.031936847230114
2026-09-07T15:59:24.694Z,1663,63,-37,34.2,0.257,54.80407526423403,25.269788025490886,2.023209408252358
2026-09-07T15:59:25.698Z,1664,59.5,-40.5,38.3,0.526,54.803978416795694,25.269840822108286,2.4652582882792227
2026-09-07T15:59:26.702Z,1665,63.9,-36.1,39.7,0.423,54.80387232674166,25.269812337245405,2.4409105133731592
2026-09-07T15:59:27.706Z,1666,64.3,-35.7,38.4,2.056,54.80377774603494,25.269828407747497,2.514446512235232
2026-09-07T15:59:28.710Z,1667,70.4,-29.6,37.4,1.973,54.80368643610934,25.2698468997261,2.5404310347501906
2026-09-07T15:59:29.714Z,1668,58.8,-41.2,38.2,0.884,54.80359154337071,25.269868781813003,2.410194144309576
2026-09-07T15:59:30.718Z,1669,62.5,-37.5,41.4,0.591,54.803486501074524,25.269888700791466,2.5834606040714356
2026-09-07T15:59:31.723Z,1670,65.8,-34.2,44.9,0.492,54.80337202991458,25.269917920247977,2.384345737613325
2026-09-07T15:59:32.726Z,1671,56.9,-43.1,47.6,0.366,54.80324980966547,25.269945782827243,2.192451630267683
2026-09-07T15:59:33.730Z,1672,50.6,-49.4,49.1,0.461,54.80312621739385,25.26997805268785,2.094316171263999
2026-09-07T15:59:34.734Z,1673,58.4,-41.6,49,0.515,54.803005517740864,25.270009187991672,2.1483045999185446
2026-09-07T15:59:35.739Z,1674,58.2,-41.8,47.6,0.821,54.80289006721643,25.270036104865202,2.0728476178509414
2026-09-07T15:59:36.742Z,1675,56.5,-43.5,46.3,1.062,54.80277571378852,25.270059522943743,2.0360602502023384
2026-09-07T15:59:37.746Z,1676,57.3,-42.7,43.8,1.072,54.80267015300362,25.27008319525353,2.0491983926087824
2026-09-07T15:59:38.750Z,1677,52.2,-47.8,39.7,0.847,54.802577149397,25.2701026081644,2.0261883325088452
2026-09-07T15:59:39.755Z,1678,62.4,-37.6,35.8,1.595,54.80249115065292,25.270122218660116,2.0145061251690666
2026-09-07T15:59:40.758Z,1679,61.6,-38.4,33.7,1.105,54.80241034043658,25.270141692907806,2.008409354926337
2026-09-07T15:59:41.762Z,1680,55,-45,35.8,0.805,54.80231975555575,25.2701628206302,2.004898263198174
2026-09-07T15:59:42.767Z,1681,66.1,-33.9,39.8,0.832,54.80221780614267,25.27018568806591,2.0027622630654522
2026-09-07T15:59:43.770Z,1682,64.9,-35.1,42.8,0.405,54.80210984280659,25.270211474763574,2.0014928190134484
2026-09-07T15:59:44.775Z,1683,59.5,-40.5,45.7,0.844,54.801994942789094,25.2702386017887,2.0007812459148684
2026-09-07T15:59:45.778Z,1684,56.3,-43.7,48.7,0.779,54.80187137480548,25.27027191942416,2.000389612505981
2026-09-07T15:59:46.783Z,1685,59.4,-40.6,51.3,0.53,54.80174260989897,25.27030269304119,2.00018721690631
2026-09-07T15:59:47.787Z,1686,56.6,-43.4,53.5,0.275,54.80160863475651,25.270337378386152,2.0000876074066416
2026-09-07T15:59:48.791Z,1687,63,-37,55.6,0.359,54.80146938663414,25.270372352233515,2.0000394573432394
2026-09-07T15:59:49.794Z,1688,58.4,-41.6,56.2,0.334,54.80132946104411,25.270405299030205,2.0000173973911157
2026-09-07T15:59:50.799Z,1689,60.1,-39.9,56.2,0.794,54.80118900968864,25.27043730971048,2.0000076419936046
2026-09-07T15:59:51.803Z,1690,61.1,-38.9,55.8,0.698,54.80105183308462,25.270469175432467,2.0000035653211876
2026-09-07T15:59:52.807Z,1691,57,-43,55.2,0.422,54.800913644515305,25.270498738308277,2.0000017224472
2026-09-07T15:59:53.810Z,1692,61.2,-38.8,53.9,0.337,54.80078076585693,25.270530004440918,2.0000009064627946
2026-09-07T15:59:54.815Z,1693,60,-40,53.3,0.575,54.80064716747903,25.27055825754464,2.0000005631040234
2026-09-07T15:59:55.820Z,1694,58.9,-41.1,52.7,0.608,54.800515453316294,25.270573825332118,2.00000048140506
2026-09-07T15:59:56.823Z,1695,63.8,-36.2,51.9,0.469,54.800386630402336,25.27059635757656,2.000000487517688
2026-09-07T15:59:57.827Z,1696,64.3,-35.7,51,1.253,54.800258819378364,25.27061396792397,2.00000039988716
2026-09-07T15:59:58.831Z,1697,61.3,-38.7,50.2,1.389,54.80013348538496,25.27062405926738,2.2361154923515048
2026-09-07T15:59:59.836Z,1698,56,-44,49.5,1.174,54.80000895053799,25.270619966049278,2.8114089203863837
2026-09-07T16:00:00.840Z,1699,54,-46,48.4,1.445,54.799888611159524,25.27058931423757,2.5019851944747753
2026-09-07T16:00:01.843Z,1700,63.8,-36.2,48.7,1.404,54.799770234327546,25.27054142576664,2.4269974057242507
2026-09-07T16:00:02.848Z,1701,62,-38,49.3,1.368,54.799654819393005,25.27046575904078,2.208763031932532
2026-09-07T16:00:03.852Z,1702,62.8,-37.2,50.1,0.259,54.799541823641526,25.270372180751256,2.100687300655081
2026-09-07T16:00:04.856Z,1703,54.3,-45.7,51.4,0.45,54.79943024465081,25.270260493743354,2.2424379662158604
2026-09-07T16:00:05.860Z,1704,60.4,-39.6,52.8,0.583,54.79931634877974,25.270142731157495,2.164294243431661
2026-09-07T16:00:06.864Z,1705,57.9,-42.1,53.7,0.518,54.799201485988995,25.27002350890302,2.1221863605253266
2026-09-07T16:00:07.868Z,1706,62.4,-37.6,53.1,0.731,54.799089511834985,25.269904032093343,2.055821988353137
2026-09-07T16:00:08.873Z,1707,62,-38,51.9,0.989,54.798977977542336,25.269790174863925,2.4287602087004494
2026-09-07T16:00:09.876Z,1708,59.7,-40.3,51.2,1.535,54.79886998462749,25.269671305773514,2.1994547286380524
2026-09-07T16:00:10.881Z,1709,60.6,-39.4,51.2,1.284,54.79876572974303,25.269543081409154,2.0937795226547995
2026-09-07T16:00:11.884Z,1710,57.9,-42.1,50.7,1.432,54.79867202719123,25.26939607940223,2.2023956076632536
2026-09-07T16:00:12.889Z,1711,55.7,-44.3,50.7,1.48,54.79858889412097,25.26923245035428,2.095918465336987
2026-09-07T16:00:13.892Z,1712,58.2,-41.8,51.4,1.427,54.798515030805504,25.269048263107326,2.201061579762646
2026-09-07T16:00:14.897Z,1713,62.2,-37.8,51.4,0.917,54.79845300816191,25.26885241326225,2.164923148110363
2026-09-07T16:00:15.900Z,1714,57.5,-42.5,52.2,0.436,54.798402167471686,25.268645026626412,2.0777103768728034
2026-09-07T16:00:16.904Z,1715,59.6,-40.4,53.6,0.786,54.79835780328244,25.268428422822144,2.0363540203000503
2026-09-07T16:00:17.908Z,1716,58.3,-41.7,54.9,0.793,54.798310241313786,25.268204889928906,2.0405845717036497
2026-09-07T16:00:18.913Z,1717,56.8,-43.2,56.3,0.423,54.798260511512844,25.26797646004739,2.0181041523089474
2026-09-07T16:00:19.917Z,1718,57.5,-42.5,57.8,0.177,54.798212056467165,25.267741854290357,2.0078988859367564
2026-09-07T16:00:20.922Z,1719,58.2,-41.8,59.4,0.634,54.79816754715094,25.26749799657342,2.2815280789997376
2026-09-07T16:00:21.925Z,1720,59.9,-40.1,60.5,0.262,54.798121913005886,25.26725105943563,2.1187423507080028
2026-09-07T16:00:22.929Z,1721,63.8,-36.2,61.5,0.206,54.79807394388286,25.266997423010903,2.048441643247026
2026-09-07T16:00:23.934Z,1722,61.2,-38.8,61.8,0.59,54.798025444101214,25.266745558028457,2.0196095303155888
2026-09-07T16:00:24.938Z,1723,62.7,-37.3,62.1,0.509,54.79797538779261,25.266493056449317,2.007876990219499
2026-09-07T16:00:25.941Z,1724,60.3,-39.7,62,0.592,54.79792471789523,25.266241614509187,2.00316266362788
2026-09-07T16:00:26.945Z,1725,53,-47,61.7,0.91,54.7978748139236,25.26598980235342,2.0012641362727357
2026-09-07T16:00:27.950Z,1726,57.1,-42.9,61,0.583,54.79782625012816,25.265740123473872,2.1001568160364106
2026-09-07T16:00:28.954Z,1727,46.5,-53.5,59.1,0.646,54.797778765064315,25.265498259896823,2.0407640024553344
2026-09-07T16:00:29.957Z,1728,56.7,-43.3,58,0.405,54.79773141962387,25.265260953781585,2.094242151718464
2026-09-07T16:00:30.961Z,1729,49,-51,57.1,0.684,54.79768621464654,25.265028125011423,2.0402216104627797
2026-09-07T16:00:31.966Z,1730,59.1,-40.9,56.3,0.848,54.79764018927366,25.264796713817983,2.140410847705872
2026-09-07T16:00:32.970Z,1731,62.5,-37.5,54.7,0.51,54.797595597696414,25.26457199041443,2.2707907036281743
2026-09-07T16:00:33.973Z,1732,53.3,-46.7,53.2,1.044,54.79755383357446,25.26435382263888,2.289484435311433
2026-09-07T16:00:34.977Z,1733,53.7,-46.3,51.4,1.119,54.797512043612215,25.26414274042157,2.1320955789228844
2026-09-07T16:00:35.982Z,1734,56.4,-43.6,48,0.917,54.79747111449018,25.263947033898276,2.06202579004228
2026-09-07T16:00:36.986Z,1735,58.3,-41.7,43.6,0.92,54.797433030145584,25.263770400520624,2.0305233000547807
2026-09-07T16:00:37.990Z,1736,53.9,-46.1,39.5,0.898,54.79739986849426,25.26360918159933,2.0158664098318226
2026-09-07T16:00:38.994Z,1737,54.3,-45.7,35.9,0.91,54.7973683257765,25.263464662956657,2.132320435265839
2026-09-07T16:00:39.998Z,1738,54.9,-45.1,32.4,1.091,54.7973394043893,25.263334442877344,2.258323959351136
2026-09-07T16:00:41.002Z,1739,47,-53,28.8,1.096,54.79731321629418,25.263217129850005,2.2831688489582165
2026-09-07T16:00:42.006Z,1740,47.9,-52.1,24.9,0.862,54.79729330314985,25.26311601047826,2.175400771144273
2026-09-07T16:00:43.009Z,1741,46.2,-53.8,20.3,0.869,54.797283838644745,25.26302880227583,2.125829514973977
2026-09-07T16:00:44.014Z,1742,50.6,-49.4,16.7,1.246,54.79727594428343,25.262960857910134,2.100663615746843
2026-09-07T16:00:45.018Z,1743,54.8,-45.2,13.7,2.227,54.797270971457685,25.262905679325897,2.1619857659965103
2026-09-07T16:00:46.023Z,1744,57.9,-42.1,14.7,2.922,54.79727773680532,25.262848354573872,2.1388449407889483
2026-09-07T16:00:47.026Z,1745,55.3,-44.7,17.4,1.443,54.79726628028562,25.262809202241904,2.1214893272644697
2026-09-07T16:00:48.030Z,1746,58.3,-41.7,21.3,1.441,54.79734880271523,25.262750635335657,2.1089180448924214
2026-09-07T16:00:49.034Z,1747,61.9,-38.1,28,1.347,54.79741621463703,25.26270822259994,2.142665532027331
2026-09-07T16:00:50.039Z,1748,57.1,-42.9,34.2,1.236,54.79749639654968,25.262655017911847,2.1930522941262485
2026-09-07T16:00:51.042Z,1749,54,-46,44.3,1.051,54.79769057321179,25.26252006142476,2.4849273387993516
2026-09-07T16:00:52.046Z,1750,58.3,-41.7,49.2,0.672,54.79780702055531,25.26244272571245,2.632019394407451
2026-09-07T16:00:53.050Z,1751,55.8,-44.2,51.1,0.619,54.79792630778123,25.26236392402828,2.306734279223242
2026-09-07T16:00:54.054Z,1752,52.8,-47.2,50.3,0.896,54.79804235907592,25.262285142489947,2.4057716632091664
2026-09-07T16:00:55.059Z,1753,58.3,-41.7,48.5,1.347,54.7981550561617,25.262209666312184,2.6975363898235365
2026-09-07T16:00:56.062Z,1754,52.2,-47.8,44.8,1.697,54.798260144224614,25.26214371150958,2.863531370463914
2026-09-07T16:00:57.066Z,1755,51.7,-48.3,39.6,2.014,54.79835511133745,25.262090530045388,2.6810382580184062
2026-09-07T16:00:58.070Z,1756,47.2,-52.8,33.1,2.301,54.79843382556445,25.262041682748276,2.6659020104370414
2026-09-07T16:00:59.074Z,1757,47,-53,26.1,1.967,54.79849522672572,25.261999318457775,2.7131764739919224
2026-09-07T16:01:00.078Z,1758,45.6,-54.4,20.1,2.095,54.79853890989982,25.261963680014176,2.456737340828724
2026-09-07T16:01:01.083Z,1759,49,-51,15.4,1.527,54.798568494459516,25.261929598383762,2.3425530103997647
2026-09-07T16:01:02.087Z,1760,50,-50,13.4,2.232,54.79859654129445,25.261933105625044,2.2740424092920883
2026-09-07T16:01:03.091Z,1761,59.1,-40.9,16.8,1.967,54.798592290336934,25.261817834295492,2.4667554921115635
2026-09-07T16:01:04.095Z,1762,55.5,-44.5,22,1.716,54.798586667987706,25.261722633155948,2.4447879781276596
2026-09-07T16:01:05.099Z,1763,62.7,-37.3,28.3,1.716,54.798567203369096,25.261602002743857,2.385480080453287
2026-09-07T16:01:06.103Z,1764,65.7,-34.3,28.3,1.454,54.798567203369096,25.261602002743857,2.385480080453287
2026-09-07T16:01:07.106Z,1765,60.8,-39.2,28.3,1.454,54.798567203369096,25.261602002743857,2.385480080453287
2026-09-07T16:01:08.111Z,1766,68.2,-31.8,41.6,0.875,54.79848755777577,25.26112425462693,2.46014898675184
2026-09-07T16:01:09.115Z,1767,72.1,-27.9,43.8,1.294,54.7984592316885,25.260941844850688,2.246830462666528
2026-09-07T16:01:10.119Z,1768,67.3,-32.7,45.3,0.579,54.79842892834983,25.260750130981304,2.1277698301400334
2026-09-07T16:01:11.123Z,1769,62.7,-37.3,45.3,0.301,54.79839118150956,25.260563900521547,2.1798162581320826
2026-09-07T16:01:12.127Z,1770,61.7,-38.3,44.5,1.412,54.79834739905987,25.260385297059162,2.091799949162669
2026-09-07T16:01:13.131Z,1771,59.9,-40.1,42.5,1.341,54.798302815038426,25.260215555241356,2.0468355489879526
2026-09-07T16:01:14.135Z,1772,63.1,-36.9,39.4,1.329,54.798259284317496,25.260063878595187,2.0247833606795296
2026-09-07T16:01:15.139Z,1773,53.7,-46.3,35.4,1.877,54.79821941282113,25.259928833394934,2.0136565165169364
2026-09-07T16:01:16.143Z,1775,61.5,-38.5,28.2,2.054,54.798188525350504,25.259821098505164,2.467107601310863
2026-09-07T16:01:17.147Z,1776,54,-46,19.4,1.021,54.798167837868355,25.259748510347332,2.5136604296625116
2026-09-07T16:01:18.151Z,1777,62.9,-37.1,17.6,1.027,54.798147484661925,25.259680897633253,3.0217864254046716
2026-09-07T16:01:19.155Z,1778,66.9,-33.1,21.4,1.652,54.798124559326325,25.25960053703728,2.8174291448227224
2026-09-07T16:01:20.159Z,1779,66.4,-33.6,25.6,1.384,54.7980951896912,25.25950110978493,2.9361194290052977
2026-09-07T16:01:21.163Z,1780,65.1,-34.9,30,1.359,54.79806393906616,25.25938324014607,2.74744004756099
2026-09-07T16:01:22.167Z,1781,62.9,-37.1,32.6,1.23,54.79803010064834,25.25925610690994,2.5436941912303417
2026-09-07T16:01:23.172Z,1782,62.4,-37.6,36,1.194,54.79799041755939,25.259116596265788,2.3632659678029553
2026-09-07T16:01:24.175Z,1783,67.9,-32.1,38.3,1.002,54.797943335636845,25.25897404163171,2.2836054248361006
2026-09-07T16:01:25.179Z,1784,59.7,-40.3,39.3,0.419,54.79789257399862,25.25883025277877,2.167081078745864
2026-09-07T16:01:26.183Z,1785,66.7,-33.3,38.6,0.161,54.79784044286837,25.258690336085838,2.092070442858458
2026-09-07T16:01:27.187Z,1786,64,-36,38,1.59,54.79778678772953,25.258556500578532,2.689726968453529
2026-09-07T16:01:28.191Z,1787,60.8,-39.2,38,1.576,54.79778678772953,25.258556500578532,2.689726968453529
2026-09-07T16:01:29.196Z,1788,65.4,-34.6,35.3,1.542,54.79773289025327,25.258433614300852,3.3876987969168852
2026-09-07T16:01:30.200Z,1789,55.9,-44.1,32,0.985,54.79768414701255,25.258323486010124,3.0857849804608612
2026-09-07T16:01:31.204Z,1790,51.1,-48.9,32,0.985,54.79768414701255,25.258323486010124,3.0857849804608612
2026-09-07T16:01:32.207Z,1791,52.3,-47.7,15.8,2.193,54.797587890735315,25.25808996101428,2.4793901979966346
2026-09-07T16:01:33.212Z,1792,52.1,-47.9,10.7,1.283,54.79757764962275,25.258051492054264,2.3883997268098254
2026-09-07T16:01:34.215Z,1793,51.2,-48.8,8.2,0.459,54.79757858407757,25.258023854975242,2.3783690014830583
2026-09-07T16:01:35.219Z,1794,51.4,-48.6,8.2,1.582,54.79757858407757,25.258023854975242,2.3783690014830583
2026-09-07T16:01:36.223Z,1795,44.7,-55.3,6.3,1.286,54.797578870515395,25.25800439472806,2.283776723679079
2026-09-07T16:01:37.228Z,1796,37.2,-62.8,0.5,0.457,54.79757973721146,25.2580064763163,2.2735164461402904
2026-09-07T16:01:37.943Z,1796,34.7,-65.3,0.5,1.329,54.79757973721146,25.2580064763163,2.2735164461402904